-- MariaDB dump 10.17  Distrib 10.4.13-MariaDB, for Win64 (AMD64)
--
-- Host: 127.0.0.1    Database: kurzy-krizik
-- ------------------------------------------------------
-- Server version	10.4.13-MariaDB

/*!40101 SET @OLD_CHARACTER_SET_CLIENT=@@CHARACTER_SET_CLIENT */;
/*!40101 SET @OLD_CHARACTER_SET_RESULTS=@@CHARACTER_SET_RESULTS */;
/*!40101 SET @OLD_COLLATION_CONNECTION=@@COLLATION_CONNECTION */;
/*!40101 SET NAMES utf8 */;
/*!40103 SET @OLD_TIME_ZONE=@@TIME_ZONE */;
/*!40103 SET TIME_ZONE='+00:00' */;
/*!40014 SET @OLD_UNIQUE_CHECKS=@@UNIQUE_CHECKS, UNIQUE_CHECKS=0 */;
/*!40014 SET @OLD_FOREIGN_KEY_CHECKS=@@FOREIGN_KEY_CHECKS, FOREIGN_KEY_CHECKS=0 */;
/*!40101 SET @OLD_SQL_MODE=@@SQL_MODE, SQL_MODE='NO_AUTO_VALUE_ON_ZERO' */;
/*!40111 SET @OLD_SQL_NOTES=@@SQL_NOTES, SQL_NOTES=0 */;

--
-- Table structure for table `jazyk`
--

DROP TABLE IF EXISTS `jazyk`;
/*!40101 SET @saved_cs_client     = @@character_set_client */;
/*!40101 SET character_set_client = utf8 */;
CREATE TABLE `jazyk` (
  `idjazyk` int(10) unsigned NOT NULL AUTO_INCREMENT,
  `nazev` varchar(255) NOT NULL,
  `zkratka` varchar(255) NOT NULL,
  PRIMARY KEY (`idjazyk`),
  UNIQUE KEY `idjazyk_UNIQUE` (`idjazyk`),
  UNIQUE KEY `nazev_UNIQUE` (`nazev`),
  UNIQUE KEY `zkratka_UNIQUE` (`zkratka`)
) ENGINE=InnoDB AUTO_INCREMENT=8 DEFAULT CHARSET=utf8;
/*!40101 SET character_set_client = @saved_cs_client */;

--
-- Dumping data for table `jazyk`
--

LOCK TABLES `jazyk` WRITE;
/*!40000 ALTER TABLE `jazyk` DISABLE KEYS */;
INSERT INTO `jazyk` VALUES (1,'Český jazyk','CZE'),(2,'Anglický jazyk','ENG'),(3,'Ruský jazyk','RUS'),(4,'Neměcký jazyk','DEU'),(6,'Francouzský jazyk','FRA'),(7,'Armensky jazyk','ARM');
/*!40000 ALTER TABLE `jazyk` ENABLE KEYS */;
UNLOCK TABLES;

--
-- Table structure for table `kategorie`
--

DROP TABLE IF EXISTS `kategorie`;
/*!40101 SET @saved_cs_client     = @@character_set_client */;
/*!40101 SET character_set_client = utf8 */;
CREATE TABLE `kategorie` (
  `idkategorie` int(10) unsigned NOT NULL AUTO_INCREMENT,
  `nazev` varchar(255) NOT NULL,
  PRIMARY KEY (`idkategorie`),
  UNIQUE KEY `idkategorie_UNIQUE` (`idkategorie`),
  UNIQUE KEY `nazev_UNIQUE` (`nazev`)
) ENGINE=InnoDB AUTO_INCREMENT=12 DEFAULT CHARSET=utf8;
/*!40101 SET character_set_client = @saved_cs_client */;

--
-- Dumping data for table `kategorie`
--

LOCK TABLES `kategorie` WRITE;
/*!40000 ALTER TABLE `kategorie` DISABLE KEYS */;
INSERT INTO `kategorie` VALUES (10,'Akce'),(8,'Bojovy trenink'),(5,'Domácí mazlíčci'),(1,'IT'),(6,'Jazyk'),(2,'Jazykové dovednosti'),(11,'Konzultace'),(7,'Nauka'),(3,'Sport'),(4,'Vaření'),(9,'Workshop');
/*!40000 ALTER TABLE `kategorie` ENABLE KEYS */;
UNLOCK TABLES;

--
-- Table structure for table `kurz`
--

DROP TABLE IF EXISTS `kurz`;
/*!40101 SET @saved_cs_client     = @@character_set_client */;
/*!40101 SET character_set_client = utf8 */;
CREATE TABLE `kurz` (
  `idkurz` int(10) unsigned NOT NULL AUTO_INCREMENT,
  `nazev` varchar(255) NOT NULL,
  `delka` varchar(255) NOT NULL,
  `cena` varchar(255) NOT NULL,
  `popis` varchar(255) NOT NULL,
  `iduroven` int(10) unsigned NOT NULL,
  `idjazyk` int(10) unsigned NOT NULL,
  `idmisto` int(10) unsigned NOT NULL,
  PRIMARY KEY (`idkurz`,`iduroven`,`idjazyk`,`idmisto`),
  UNIQUE KEY `idkurz_UNIQUE` (`idkurz`),
  KEY `fk_kurz_uroven1_idx` (`iduroven`),
  KEY `fk_kurz_jazyk1_idx` (`idjazyk`),
  KEY `fk_kurz_misto1_idx` (`idmisto`),
  CONSTRAINT `fk_kurz_jazyk1` FOREIGN KEY (`idjazyk`) REFERENCES `jazyk` (`idjazyk`) ON DELETE NO ACTION ON UPDATE NO ACTION,
  CONSTRAINT `fk_kurz_misto1` FOREIGN KEY (`idmisto`) REFERENCES `misto` (`idmisto`) ON DELETE NO ACTION ON UPDATE NO ACTION,
  CONSTRAINT `fk_kurz_uroven1` FOREIGN KEY (`iduroven`) REFERENCES `uroven` (`iduroven`) ON DELETE NO ACTION ON UPDATE NO ACTION
) ENGINE=InnoDB AUTO_INCREMENT=56 DEFAULT CHARSET=utf8 COMMENT='			';
/*!40101 SET character_set_client = @saved_cs_client */;

--
-- Dumping data for table `kurz`
--

LOCK TABLES `kurz` WRITE;
/*!40000 ALTER TABLE `kurz` DISABLE KEYS */;
INSERT INTO `kurz` VALUES (1,'IT','120','335','Sovorek IT daser',1,7,3),(2,'Komunikace','60','245','Naucte se mluvit',1,1,4),(3,'Sport and fitness','60','435','Excercise',1,3,3),(4,'Kulinariya','120','100','Nauchim vas gotovit yedu',3,3,7),(5,'Zpev','600','20','No preci, kazdy umi zpivat, to neni tak tezky',1,6,6),(6,'Základní práce s PC','30','175','Seznámení s základní manipulaci počítače.',1,1,5),(7,'Plynulost v angličtině','60','225','Naučíme vás plynule mluvit anglicky. Předpokládá se předchozí znalost anglického jazyka.',2,1,1),(8,'Plavání','90','300','Naučíme vás, jak se neutopit.',1,1,2),(9,'Zdokonalení vaření','60','500','Naučíme vás jak vařit jako profesionál. Předpokládá se, že už budete umět vařit.',3,1,5),(10,'Starání se o domácí mazlíčky','15','100','Naučíme vás vše co potřebujete vědět, než si koupíte mazlíčka',1,1,2),(11,'Angličtina','45','70','Zde se naučite anglicky',1,2,1),(12,'Vaření','100','210','Zde se naučíte vařit',3,1,1),(13,'Joga','60','80','Zde se naučite jogu',2,1,1),(14,'Autoškola','140','5142','Zde se naučite řídit',1,1,2),(15,'Plavání','50','60','Zde se naučite plavat',3,1,2),(16,'Zaklady Virtualizace','120','500',' vsechny zaklady pro virtualizaci ',1,1,1),(17,'Latina hrou','120','700','V tom to kurzu se naucime latinu :) ',2,1,2),(18,'Florbal','120','400','Miluješ florbal pojd k nám',3,1,3),(19,'Koláče','120','250','zde se naucime pec vyborne kolace',2,2,2),(20,'Péče o papoušky','120','300','Zde se dozvíte vse o chovu papoušků',2,1,1),(21,'Hrátky s excelem','90','450','Na tomto kurzu se naučíte pracovat s excelem',4,1,1),(22,'Němčina hrou','60','500','Na tomto kurzu vás naučíme plyně komunikovat v Němčině',5,1,2),(23,'Šach Mat','60','300','Na tomto kurzu se naučíte hrát proti opravdovým mistrům',6,1,4),(24,'Oregáno','120','600','Na tomto kurzu se naučíme základní práci se zeleninou',4,1,3),(25,'Ohrádka','90','800','Na tomto kurzu si řekneme jak začít s chovem prasátek',4,1,5),(26,'Základy Inventoru','60','200','Kurz pro začátečníky s Inventorem',1,6,1),(27,'Pravá ruština','240','450','Ruština, která se Vám bude hodit v Rusku pro běžný rozhovor',2,3,2),(28,'Gymnastika u Filipa','45','250','Naučíme tě se točit na hrazdě',2,4,3),(29,'Zázračné koření','30','500','Vzácnější než šafrán. Naučte se efektivně pracovat s tímto kořením.',1,1,4),(30,'Zabijačkové hody','90','150','V tomto kurzu Vás naučíme jak zpracovat pořádnou vesnickou zabijačku.',3,2,5),(31,'Resolve','120','5500','Základy v DaVinci Resolve',1,1,1),(32,'Fotbal','90','1500','Střelba na bránu.',1,1,1),(33,'Španělština','45','1000','Základy ŠJ',1,1,1),(34,'Buřty na pivě','40','2000','Naučte se nejlepší Buřty na pivě.',1,1,1),(35,'Pes','120','500','Výcvik',1,1,1),(36,'Učení Powerpointu','120','250','Základní funkce Powerpointu',1,1,1),(37,'Anglický jazyk','90','200','Angličtina pro pokročilé',2,2,1),(38,'Atletika!','90','100','Atletická průprava',2,1,2),(39,'Škola Vaření Brutus','120','150','Vaření s generálem Brutusem',3,1,3),(40,'Farmaření Honzík','180','100','Odpoledne se zvířátky',1,1,4),(41,'Vnimani sily 101','60','200','Co je to sila.',1,1,1),(42,'Zacatky jedaismu','120','350','Uvod do jedaismu.',1,1,2),(43,'LIGHTSABER 101','60','500','Zakldy se svetelnym mecem.',2,1,2),(44,'Force duels','300','1500','Kontrolovane zapasy s nasim jedi mastrem',3,2,3),(45,'Vytvor si svuj vlastni svetelny mec','4320','10000','Sestroj si vlastni svetelny mec',3,1,3),(46,'SwiftUI','60','1500','Kurz, ve kterém se naučíte základy SwiftUI',1,1,1),(47,'Fotball','120','1000','Kurz, ve kterém se naučíte přihrávat',1,1,1),(48,'Angličtina','180','2500','Doučování',1,1,1),(49,'Svíčková','180','100','Naučíte se vařit svíčkovou',1,1,1),(50,'Výcvik psa','180','2500','Výcvik',1,1,1),(51,'Java','4320','10000','Kurz programování v Javě',1,1,1),(52,'Volejbal','120','1000','Naučíme vás hrát volejbal',1,1,1),(53,'Finština','45','300','Puhumme suomea',1,1,1),(54,'Pečení','120','500','Zde vás budeme učit jak péct',1,1,1),(55,'Kočky','60','1000','Jak správně vycvičit svoji kočku',1,1,1);
/*!40000 ALTER TABLE `kurz` ENABLE KEYS */;
UNLOCK TABLES;

--
-- Table structure for table `kurz_kategorie`
--

DROP TABLE IF EXISTS `kurz_kategorie`;
/*!40101 SET @saved_cs_client     = @@character_set_client */;
/*!40101 SET character_set_client = utf8 */;
CREATE TABLE `kurz_kategorie` (
  `idkurz` int(10) unsigned NOT NULL,
  `idkategorie` int(10) unsigned NOT NULL,
  PRIMARY KEY (`idkurz`,`idkategorie`),
  KEY `fk_kurz_kategorie_kategorie1_idx` (`idkategorie`),
  KEY `fk_kurz_kategorie_kurz1_idx` (`idkurz`),
  CONSTRAINT `fk_kurz_kategorie_kategorie1` FOREIGN KEY (`idkategorie`) REFERENCES `kategorie` (`idkategorie`) ON DELETE NO ACTION ON UPDATE NO ACTION,
  CONSTRAINT `fk_kurz_kategorie_kurz1` FOREIGN KEY (`idkurz`) REFERENCES `kurz` (`idkurz`) ON DELETE NO ACTION ON UPDATE NO ACTION
) ENGINE=InnoDB DEFAULT CHARSET=utf8;
/*!40101 SET character_set_client = @saved_cs_client */;

--
-- Dumping data for table `kurz_kategorie`
--

LOCK TABLES `kurz_kategorie` WRITE;
/*!40000 ALTER TABLE `kurz_kategorie` DISABLE KEYS */;
INSERT INTO `kurz_kategorie` VALUES (1,1),(1,4),(1,5),(1,6),(1,7),(1,8),(1,10),(1,11),(2,1),(2,2),(2,3),(2,7),(2,11),(3,1),(3,2),(3,3),(3,4),(3,5),(3,6),(3,7),(3,9),(3,11),(4,2),(4,4),(4,5),(4,7),(4,10),(4,11),(5,3),(5,4),(5,8),(5,9),(5,11),(6,1),(6,2),(6,5),(6,6),(6,7),(6,8),(6,10),(6,11),(7,1),(7,3),(7,6),(7,7),(7,8),(7,9),(8,2),(8,4),(8,6),(8,11),(9,1),(9,2),(9,3),(9,4),(9,5),(9,6),(9,10),(9,11),(10,4),(10,5),(10,6),(10,7),(10,8),(11,1),(11,6),(11,8),(11,9),(12,1),(12,4),(12,5),(12,9),(13,3),(13,6),(13,9),(13,10),(13,11),(14,1),(14,3),(14,8),(14,9),(14,10),(14,11),(15,1),(15,2),(15,3),(15,7),(15,8),(15,9),(15,10),(15,11),(16,1),(16,3),(16,4),(16,6),(16,7),(16,10),(17,1),(17,3),(17,4),(17,5),(17,6),(17,7),(17,10),(17,11),(18,1),(18,2),(18,4),(18,5),(18,6),(18,10),(19,1),(19,2),(19,5),(19,7),(19,9),(19,10),(20,2),(20,3),(20,5),(20,6),(20,7),(20,8),(20,9),(20,11),(21,1),(21,2),(21,3),(21,4),(21,5),(21,6),(21,7),(21,9),(21,11),(22,1),(22,2),(22,4),(22,5),(22,6),(22,7),(22,9),(22,10),(22,11),(23,1),(23,2),(23,4),(23,5),(23,6),(23,7),(23,8),(23,9),(24,1),(24,2),(24,5),(24,7),(24,8),(24,9),(24,10),(24,11),(25,1),(25,2),(25,3),(25,6),(25,8),(25,10),(26,1),(26,2),(26,3),(26,4),(26,5),(26,7),(26,8),(26,10),(26,11),(27,1),(27,2),(27,3),(27,7),(27,9),(27,11),(28,1),(28,2),(28,4),(28,7),(28,10),(29,4),(29,5),(29,9),(29,10),(29,11),(30,8),(30,9),(31,3),(31,4),(31,5),(31,6),(31,11),(32,1),(32,2),(32,3),(32,4),(32,5),(32,6),(32,7),(32,8),(33,4),(33,6),(33,8),(33,10),(34,3),(34,4),(34,5),(34,8),(35,1),(35,2),(35,3),(35,6),(35,8),(35,10),(35,11),(36,2),(36,3),(36,4),(36,6),(36,7),(36,8),(37,2),(37,6),(37,7),(37,8),(37,9),(37,10),(37,11),(38,1),(38,2),(38,3),(38,6),(38,7),(38,10),(38,11),(39,2),(39,3),(39,4),(39,5),(39,6),(39,7),(39,8),(39,9),(39,10),(40,1),(40,3),(40,6),(40,9),(40,11),(41,3),(41,4),(41,7),(41,10),(42,1),(42,3),(42,5),(42,6),(42,7),(42,9),(42,10),(43,2),(43,3),(43,5),(43,6),(43,10),(44,1),(44,3),(44,6),(44,7),(44,10),(44,11),(45,2),(45,3),(45,4),(45,6),(45,7),(45,8),(45,11),(46,4),(46,7),(46,8),(46,10),(46,11),(47,1),(47,3),(47,6),(47,8),(47,9),(47,10),(47,11),(48,3),(48,8),(48,9),(49,2),(49,3),(49,4),(49,5),(49,7),(49,9),(49,10),(49,11),(50,2),(50,3),(50,4),(50,5),(50,6),(50,9),(50,10),(51,1),(51,5),(51,6),(51,7),(51,9),(52,2),(52,3),(52,5),(52,6),(52,8),(52,10),(52,11),(53,1),(53,2),(53,4),(53,6),(53,9),(53,10),(53,11),(54,1),(54,2),(54,3),(54,6),(54,9),(55,1),(55,3),(55,4),(55,5),(55,6),(55,8),(55,10);
/*!40000 ALTER TABLE `kurz_kategorie` ENABLE KEYS */;
UNLOCK TABLES;

--
-- Table structure for table `kurz_uzivatel`
--

DROP TABLE IF EXISTS `kurz_uzivatel`;
/*!40101 SET @saved_cs_client     = @@character_set_client */;
/*!40101 SET character_set_client = utf8 */;
CREATE TABLE `kurz_uzivatel` (
  `idkurz` int(10) unsigned NOT NULL,
  `iduroven` int(10) unsigned NOT NULL,
  `idjazyk` int(10) unsigned NOT NULL,
  `idmisto` int(10) unsigned NOT NULL,
  `iduzivatel` int(10) unsigned NOT NULL,
  `idlektor` int(10) unsigned NOT NULL,
  `konani` datetime NOT NULL,
  PRIMARY KEY (`idkurz`,`iduroven`,`idjazyk`,`idmisto`,`iduzivatel`,`idlektor`),
  KEY `fk_kurz_uzivatel_uzivatel1_idx` (`iduzivatel`),
  KEY `fk_kurz_uzivatel_kurz1_idx` (`idkurz`,`iduroven`,`idjazyk`,`idmisto`),
  KEY `fk_kurz_uzivatel_uzivatel2_idx` (`idlektor`),
  CONSTRAINT `fk_kurz_uzivatel_kurz1` FOREIGN KEY (`idkurz`, `iduroven`, `idjazyk`, `idmisto`) REFERENCES `kurz` (`idkurz`, `iduroven`, `idjazyk`, `idmisto`) ON DELETE NO ACTION ON UPDATE NO ACTION,
  CONSTRAINT `fk_kurz_uzivatel_uzivatel1` FOREIGN KEY (`iduzivatel`) REFERENCES `uzivatel` (`iduzivatel`) ON DELETE NO ACTION ON UPDATE NO ACTION,
  CONSTRAINT `fk_kurz_uzivatel_uzivatel2` FOREIGN KEY (`idlektor`) REFERENCES `uzivatel` (`iduzivatel`) ON DELETE NO ACTION ON UPDATE NO ACTION
) ENGINE=InnoDB DEFAULT CHARSET=utf8;
/*!40101 SET character_set_client = @saved_cs_client */;

--
-- Dumping data for table `kurz_uzivatel`
--

LOCK TABLES `kurz_uzivatel` WRITE;
/*!40000 ALTER TABLE `kurz_uzivatel` DISABLE KEYS */;
INSERT INTO `kurz_uzivatel` VALUES (1,1,7,3,2,405,'2021-12-11 15:50:00'),(1,1,7,3,3,64,'2021-10-21 17:23:00'),(1,1,7,3,4,122,'2021-10-10 10:16:00'),(1,1,7,3,30,25,'2021-10-15 16:51:00'),(1,1,7,3,37,139,'2021-12-23 10:16:00'),(1,1,7,3,40,110,'2021-11-23 14:23:00'),(1,1,7,3,80,15,'2021-11-25 16:46:00'),(1,1,7,3,143,486,'2021-12-26 11:24:00'),(1,1,7,3,149,229,'2021-11-25 17:57:00'),(1,1,7,3,154,147,'2021-11-20 10:26:00'),(1,1,7,3,178,164,'2021-11-24 16:11:00'),(1,1,7,3,178,280,'2021-12-26 13:51:00'),(1,1,7,3,186,557,'2021-10-19 22:47:00'),(1,1,7,3,201,35,'2021-10-21 20:50:00'),(1,1,7,3,211,142,'2021-12-22 20:58:00'),(1,1,7,3,225,191,'2021-11-28 11:46:00'),(1,1,7,3,248,254,'2021-10-11 20:27:00'),(1,1,7,3,288,212,'2021-10-26 21:16:00'),(1,1,7,3,312,280,'2021-10-22 13:58:00'),(1,1,7,3,324,487,'2021-10-16 16:51:00'),(1,1,7,3,329,514,'2021-11-15 13:57:00'),(1,1,7,3,343,436,'2021-11-17 11:31:00'),(1,1,7,3,346,435,'2021-11-27 17:35:00'),(1,1,7,3,351,126,'2021-10-15 17:18:00'),(1,1,7,3,366,166,'2021-10-14 11:59:00'),(1,1,7,3,378,599,'2021-11-13 10:58:00'),(1,1,7,3,379,600,'2021-11-19 23:24:00'),(1,1,7,3,408,576,'2021-12-25 10:44:00'),(1,1,7,3,412,110,'2021-10-14 10:50:00'),(1,1,7,3,514,236,'2021-12-10 00:00:00'),(1,1,7,3,580,363,'2021-11-11 17:43:00'),(1,1,7,3,592,502,'2021-10-14 13:31:00'),(1,1,7,3,608,175,'2021-12-16 21:29:00'),(2,1,1,4,38,73,'2021-12-17 11:58:00'),(2,1,1,4,38,106,'2021-12-27 21:28:00'),(2,1,1,4,62,137,'2021-12-10 20:46:00'),(2,1,1,4,76,321,'2021-11-25 15:37:00'),(2,1,1,4,86,179,'2021-11-26 23:21:00'),(2,1,1,4,139,209,'2021-11-23 22:44:00'),(2,1,1,4,140,592,'2021-10-22 00:00:00'),(2,1,1,4,157,538,'2021-12-20 21:55:00'),(2,1,1,4,175,7,'2021-10-11 19:35:00'),(2,1,1,4,189,69,'2021-10-21 19:43:00'),(2,1,1,4,200,123,'2021-11-23 14:33:00'),(2,1,1,4,209,362,'2021-12-21 14:26:00'),(2,1,1,4,210,422,'2021-10-20 22:30:00'),(2,1,1,4,226,87,'2021-12-10 23:46:00'),(2,1,1,4,231,391,'2021-10-28 16:47:00'),(2,1,1,4,247,341,'2021-11-10 21:27:00'),(2,1,1,4,254,579,'2021-11-26 23:36:00'),(2,1,1,4,257,561,'2021-11-24 22:23:00'),(2,1,1,4,287,131,'2021-11-22 21:33:00'),(2,1,1,4,293,561,'2021-10-20 16:45:00'),(2,1,1,4,306,575,'2021-10-10 10:57:00'),(2,1,1,4,309,407,'2021-11-26 20:45:00'),(2,1,1,4,324,49,'2021-11-20 12:34:00'),(2,1,1,4,335,518,'2021-12-20 22:16:00'),(2,1,1,4,354,244,'2021-11-11 18:57:00'),(2,1,1,4,370,142,'2021-12-15 15:28:00'),(2,1,1,4,378,15,'2021-10-11 23:26:00'),(2,1,1,4,418,371,'2021-10-17 10:17:00'),(2,1,1,4,475,366,'2021-10-22 11:27:00'),(2,1,1,4,496,402,'2021-12-20 16:46:00'),(2,1,1,4,500,285,'2021-11-26 21:17:00'),(2,1,1,4,535,323,'2021-12-24 12:41:00'),(2,1,1,4,542,338,'2021-12-14 18:44:00'),(3,1,3,3,2,452,'2021-10-17 22:23:00'),(3,1,3,3,29,150,'2021-12-16 17:35:00'),(3,1,3,3,73,99,'2021-12-12 18:31:00'),(3,1,3,3,103,612,'2021-11-12 12:41:00'),(3,1,3,3,109,473,'2021-12-10 13:27:00'),(3,1,3,3,117,317,'2021-11-21 14:41:00'),(3,1,3,3,135,546,'2021-10-14 22:46:00'),(3,1,3,3,170,144,'2021-11-21 10:10:00'),(3,1,3,3,205,354,'2021-12-24 17:18:00'),(3,1,3,3,210,150,'2021-10-13 18:57:00'),(3,1,3,3,219,311,'2021-10-13 18:17:00'),(3,1,3,3,226,467,'2021-11-23 23:19:00'),(3,1,3,3,250,603,'2021-11-22 16:10:00'),(3,1,3,3,286,433,'2021-11-21 18:10:00'),(3,1,3,3,289,219,'2021-10-15 16:25:00'),(3,1,3,3,290,498,'2021-11-27 19:28:00'),(3,1,3,3,301,163,'2021-10-28 13:20:00'),(3,1,3,3,318,104,'2021-12-12 19:34:00'),(3,1,3,3,323,108,'2021-10-28 00:00:00'),(3,1,3,3,330,314,'2021-11-14 11:10:00'),(3,1,3,3,371,5,'2021-12-21 19:10:00'),(3,1,3,3,384,494,'2021-11-19 14:12:00'),(3,1,3,3,388,433,'2021-12-27 23:46:00'),(3,1,3,3,400,2,'2021-12-13 22:54:00'),(3,1,3,3,410,113,'2021-12-28 20:21:00'),(3,1,3,3,420,50,'2021-11-10 22:46:00'),(3,1,3,3,441,106,'2021-11-16 16:24:00'),(3,1,3,3,472,17,'2021-12-27 19:40:00'),(3,1,3,3,473,458,'2021-12-27 20:19:00'),(3,1,3,3,520,375,'2021-12-11 15:58:00'),(3,1,3,3,525,166,'2021-10-16 21:11:00'),(3,1,3,3,567,132,'2021-11-26 13:14:00'),(3,1,3,3,610,576,'2021-12-12 11:51:00'),(4,3,3,7,24,379,'2021-12-26 16:38:00'),(4,3,3,7,37,453,'2021-11-21 16:14:00'),(4,3,3,7,37,590,'2021-12-23 21:59:00'),(4,3,3,7,98,300,'2021-10-13 21:50:00'),(4,3,3,7,104,476,'2021-10-27 15:28:00'),(4,3,3,7,105,580,'2021-11-27 19:43:00'),(4,3,3,7,152,611,'2021-10-12 16:36:00'),(4,3,3,7,163,582,'2021-10-11 19:44:00'),(4,3,3,7,180,22,'2021-11-22 12:30:00'),(4,3,3,7,184,484,'2021-11-19 11:34:00'),(4,3,3,7,186,142,'2021-11-12 23:58:00'),(4,3,3,7,206,383,'2021-10-22 13:59:00'),(4,3,3,7,219,229,'2021-10-21 14:26:00'),(4,3,3,7,224,311,'2021-12-21 18:38:00'),(4,3,3,7,228,136,'2021-12-16 14:16:00'),(4,3,3,7,289,599,'2021-10-10 15:39:00'),(4,3,3,7,300,216,'2021-12-23 19:58:00'),(4,3,3,7,350,434,'2021-12-20 15:48:00'),(4,3,3,7,374,487,'2021-11-19 20:33:00'),(4,3,3,7,382,519,'2021-11-12 16:43:00'),(4,3,3,7,416,557,'2021-10-13 15:49:00'),(4,3,3,7,443,280,'2021-12-11 14:43:00'),(4,3,3,7,457,46,'2021-12-21 20:43:00'),(4,3,3,7,467,344,'2021-10-11 00:00:00'),(4,3,3,7,473,191,'2021-10-12 14:59:00'),(4,3,3,7,487,198,'2021-10-10 21:13:00'),(4,3,3,7,498,490,'2021-10-27 11:26:00'),(4,3,3,7,503,326,'2021-10-21 21:40:00'),(4,3,3,7,508,177,'2021-10-24 22:32:00'),(4,3,3,7,549,293,'2021-12-12 19:45:00'),(4,3,3,7,551,118,'2021-11-12 13:41:00'),(4,3,3,7,562,612,'2021-11-24 14:59:00'),(4,3,3,7,582,208,'2021-10-26 12:54:00'),(5,1,6,6,12,246,'2021-12-14 13:28:00'),(5,1,6,6,41,517,'2021-10-17 20:52:00'),(5,1,6,6,79,400,'2021-12-11 19:55:00'),(5,1,6,6,86,204,'2021-12-28 13:49:00'),(5,1,6,6,95,64,'2021-12-17 15:47:00'),(5,1,6,6,109,170,'2021-11-10 14:37:00'),(5,1,6,6,125,393,'2021-10-19 20:17:00'),(5,1,6,6,156,214,'2021-12-19 18:18:00'),(5,1,6,6,161,35,'2021-12-17 14:47:00'),(5,1,6,6,181,48,'2021-10-28 13:49:00'),(5,1,6,6,188,123,'2021-12-12 21:22:00'),(5,1,6,6,194,81,'2021-12-21 15:40:00'),(5,1,6,6,239,294,'2021-11-22 15:24:00'),(5,1,6,6,243,296,'2021-11-26 22:14:00'),(5,1,6,6,252,420,'2021-12-23 15:45:00'),(5,1,6,6,265,159,'2021-10-24 12:59:00'),(5,1,6,6,331,59,'2021-10-13 20:31:00'),(5,1,6,6,348,137,'2021-12-15 15:37:00'),(5,1,6,6,350,129,'2021-10-11 17:45:00'),(5,1,6,6,355,436,'2021-11-25 19:10:00'),(5,1,6,6,364,391,'2021-12-12 22:13:00'),(5,1,6,6,381,77,'2021-12-16 20:10:00'),(5,1,6,6,381,503,'2021-10-28 12:41:00'),(5,1,6,6,413,264,'2021-10-21 10:55:00'),(5,1,6,6,426,155,'2021-11-22 14:43:00'),(5,1,6,6,441,109,'2021-10-22 14:21:00'),(5,1,6,6,487,84,'2021-12-11 22:10:00'),(5,1,6,6,495,16,'2021-11-15 11:58:00'),(5,1,6,6,517,174,'2021-10-17 00:00:00'),(5,1,6,6,520,495,'2021-10-14 17:57:00'),(5,1,6,6,524,474,'2021-10-13 23:32:00'),(5,1,6,6,545,217,'2021-11-17 14:27:00'),(5,1,6,6,580,467,'2021-11-20 20:28:00'),(6,1,1,5,2,588,'2021-12-10 22:29:00'),(6,1,1,5,11,103,'2021-10-10 21:15:00'),(6,1,1,5,35,111,'2021-12-20 17:39:00'),(6,1,1,5,44,233,'2021-12-23 17:46:00'),(6,1,1,5,68,541,'2021-11-15 13:42:00'),(6,1,1,5,71,387,'2021-12-20 12:59:00'),(6,1,1,5,81,384,'2021-12-10 22:52:00'),(6,1,1,5,105,138,'2021-11-28 16:36:00'),(6,1,1,5,143,536,'2021-10-28 22:35:00'),(6,1,1,5,144,284,'2021-11-18 15:36:00'),(6,1,1,5,146,395,'2021-10-19 11:15:00'),(6,1,1,5,160,549,'2021-10-24 11:18:00'),(6,1,1,5,165,66,'2021-11-15 19:18:00'),(6,1,1,5,177,84,'2021-12-17 23:23:00'),(6,1,1,5,201,220,'2021-12-11 15:39:00'),(6,1,1,5,256,226,'2021-11-17 20:25:00'),(6,1,1,5,266,557,'2021-10-22 13:18:00'),(6,1,1,5,289,101,'2021-11-13 13:15:00'),(6,1,1,5,303,237,'2021-12-24 14:38:00'),(6,1,1,5,360,211,'2021-10-27 13:44:00'),(6,1,1,5,377,97,'2021-11-25 17:19:00'),(6,1,1,5,387,611,'2021-11-21 00:00:00'),(6,1,1,5,394,235,'2021-11-27 16:18:00'),(6,1,1,5,455,606,'2021-10-17 21:29:00'),(6,1,1,5,461,261,'2021-11-12 19:11:00'),(6,1,1,5,477,254,'2021-12-27 23:55:00'),(6,1,1,5,477,301,'2021-12-26 19:25:00'),(6,1,1,5,509,610,'2021-10-14 23:21:00'),(6,1,1,5,589,463,'2021-11-26 12:46:00'),(6,1,1,5,594,345,'2021-11-16 13:29:00'),(6,1,1,5,608,47,'2021-12-17 17:18:00'),(6,1,1,5,608,82,'2021-12-26 17:51:00'),(6,1,1,5,611,488,'2021-12-10 18:14:00'),(7,2,1,1,29,155,'2021-11-18 15:47:00'),(7,2,1,1,35,145,'2021-11-12 21:50:00'),(7,2,1,1,36,364,'2021-11-26 00:00:00'),(7,2,1,1,59,581,'2021-12-17 17:39:00'),(7,2,1,1,86,253,'2021-11-12 13:24:00'),(7,2,1,1,91,482,'2021-11-23 14:38:00'),(7,2,1,1,99,124,'2021-12-24 12:40:00'),(7,2,1,1,103,509,'2021-10-13 16:40:00'),(7,2,1,1,145,529,'2021-10-17 15:41:00'),(7,2,1,1,177,75,'2021-11-11 21:44:00'),(7,2,1,1,180,428,'2021-10-22 16:58:00'),(7,2,1,1,194,282,'2021-11-27 12:44:00'),(7,2,1,1,194,409,'2021-11-25 10:15:00'),(7,2,1,1,198,178,'2021-10-22 13:26:00'),(7,2,1,1,202,386,'2021-10-26 19:13:00'),(7,2,1,1,227,109,'2021-12-22 11:21:00'),(7,2,1,1,292,256,'2021-10-21 20:45:00'),(7,2,1,1,324,35,'2021-12-21 12:41:00'),(7,2,1,1,324,264,'2021-10-24 20:59:00'),(7,2,1,1,330,105,'2021-12-11 13:33:00'),(7,2,1,1,394,446,'2021-12-19 11:20:00'),(7,2,1,1,410,148,'2021-11-28 10:57:00'),(7,2,1,1,418,8,'2021-10-20 21:16:00'),(7,2,1,1,431,187,'2021-11-20 18:45:00'),(7,2,1,1,438,363,'2021-11-22 19:38:00'),(7,2,1,1,469,225,'2021-10-17 15:22:00'),(7,2,1,1,476,367,'2021-12-14 18:38:00'),(7,2,1,1,525,589,'2021-10-23 12:23:00'),(7,2,1,1,530,437,'2021-10-10 14:12:00'),(7,2,1,1,534,413,'2021-12-26 18:25:00'),(7,2,1,1,569,477,'2021-10-15 18:32:00'),(7,2,1,1,586,531,'2021-11-24 18:50:00'),(7,2,1,1,605,369,'2021-11-24 15:46:00'),(8,1,1,2,10,337,'2021-12-22 23:26:00'),(8,1,1,2,21,303,'2021-12-18 23:28:00'),(8,1,1,2,48,535,'2021-11-25 23:26:00'),(8,1,1,2,50,186,'2021-10-18 22:21:00'),(8,1,1,2,66,408,'2021-11-23 19:35:00'),(8,1,1,2,69,249,'2021-10-14 23:33:00'),(8,1,1,2,91,239,'2021-12-12 15:23:00'),(8,1,1,2,93,392,'2021-12-11 13:46:00'),(8,1,1,2,98,147,'2021-10-17 00:00:00'),(8,1,1,2,99,519,'2021-12-23 18:45:00'),(8,1,1,2,105,107,'2021-12-19 23:22:00'),(8,1,1,2,108,280,'2021-11-28 12:47:00'),(8,1,1,2,130,263,'2021-12-20 21:28:00'),(8,1,1,2,176,302,'2021-11-12 19:38:00'),(8,1,1,2,207,485,'2021-12-25 18:24:00'),(8,1,1,2,207,492,'2021-11-26 17:13:00'),(8,1,1,2,221,221,'2021-12-26 18:42:00'),(8,1,1,2,249,263,'2021-12-27 10:36:00'),(8,1,1,2,306,26,'2021-11-23 19:39:00'),(8,1,1,2,347,337,'2021-12-18 17:26:00'),(8,1,1,2,361,480,'2021-11-14 18:12:00'),(8,1,1,2,388,324,'2021-11-13 10:15:00'),(8,1,1,2,401,56,'2021-12-18 11:46:00'),(8,1,1,2,415,43,'2021-11-18 19:54:00'),(8,1,1,2,428,189,'2021-11-25 19:23:00'),(8,1,1,2,436,395,'2021-12-25 14:16:00'),(8,1,1,2,480,514,'2021-10-17 20:14:00'),(8,1,1,2,485,31,'2021-11-15 10:26:00'),(8,1,1,2,552,270,'2021-10-13 11:11:00'),(8,1,1,2,568,397,'2021-11-15 17:15:00'),(8,1,1,2,573,11,'2021-11-19 22:40:00'),(8,1,1,2,576,147,'2021-10-18 19:15:00'),(8,1,1,2,594,238,'2021-12-21 19:21:00'),(9,3,1,5,16,314,'2021-10-13 21:23:00'),(9,3,1,5,22,305,'2021-11-13 20:11:00'),(9,3,1,5,53,372,'2021-12-15 12:46:00'),(9,3,1,5,103,54,'2021-11-27 22:32:00'),(9,3,1,5,113,488,'2021-11-10 18:15:00'),(9,3,1,5,136,97,'2021-11-10 17:40:00'),(9,3,1,5,141,584,'2021-12-18 22:33:00'),(9,3,1,5,144,181,'2021-10-14 22:20:00'),(9,3,1,5,153,282,'2021-12-28 17:49:00'),(9,3,1,5,166,403,'2021-10-25 23:43:00'),(9,3,1,5,191,250,'2021-12-18 17:22:00'),(9,3,1,5,208,531,'2021-12-11 23:46:00'),(9,3,1,5,248,129,'2021-11-11 10:57:00'),(9,3,1,5,251,611,'2021-10-15 18:26:00'),(9,3,1,5,307,589,'2021-11-23 20:50:00'),(9,3,1,5,320,452,'2021-12-26 18:21:00'),(9,3,1,5,324,558,'2021-12-22 20:51:00'),(9,3,1,5,325,211,'2021-10-14 23:34:00'),(9,3,1,5,332,235,'2021-12-25 17:10:00'),(9,3,1,5,337,592,'2021-12-17 13:12:00'),(9,3,1,5,344,328,'2021-12-12 13:32:00'),(9,3,1,5,367,474,'2021-12-12 12:22:00'),(9,3,1,5,391,438,'2021-12-20 16:31:00'),(9,3,1,5,408,145,'2021-10-10 18:59:00'),(9,3,1,5,412,243,'2021-12-15 17:23:00'),(9,3,1,5,457,277,'2021-10-28 15:28:00'),(9,3,1,5,475,354,'2021-11-10 21:57:00'),(9,3,1,5,483,105,'2021-11-15 14:12:00'),(9,3,1,5,497,362,'2021-11-19 00:00:00'),(9,3,1,5,550,573,'2021-12-24 18:38:00'),(9,3,1,5,558,342,'2021-12-15 13:24:00'),(9,3,1,5,575,227,'2021-11-15 23:34:00'),(9,3,1,5,591,500,'2021-10-17 23:48:00'),(10,1,1,2,2,295,'2021-11-11 14:31:00'),(10,1,1,2,52,370,'2021-11-18 21:51:00'),(10,1,1,2,65,412,'2021-12-21 15:28:00'),(10,1,1,2,81,318,'2021-10-23 23:17:00'),(10,1,1,2,87,435,'2021-12-11 17:23:00'),(10,1,1,2,89,251,'2021-12-14 11:22:00'),(10,1,1,2,91,237,'2021-10-17 21:38:00'),(10,1,1,2,92,37,'2021-11-24 10:57:00'),(10,1,1,2,92,595,'2021-11-26 18:14:00'),(10,1,1,2,102,130,'2021-10-13 20:42:00'),(10,1,1,2,158,605,'2021-12-28 18:49:00'),(10,1,1,2,217,454,'2021-12-24 21:48:00'),(10,1,1,2,228,566,'2021-10-15 23:26:00'),(10,1,1,2,251,450,'2021-12-28 21:34:00'),(10,1,1,2,261,558,'2021-10-16 21:51:00'),(10,1,1,2,261,581,'2021-12-26 18:21:00'),(10,1,1,2,282,459,'2021-10-12 20:32:00'),(10,1,1,2,308,90,'2021-11-22 20:10:00'),(10,1,1,2,354,209,'2021-10-28 22:32:00'),(10,1,1,2,433,187,'2021-11-13 22:14:00'),(10,1,1,2,443,223,'2021-10-15 19:34:00'),(10,1,1,2,464,224,'2021-11-12 17:46:00'),(10,1,1,2,475,86,'2021-10-19 14:57:00'),(10,1,1,2,527,587,'2021-11-15 16:40:00'),(10,1,1,2,543,312,'2021-11-20 15:46:00'),(10,1,1,2,551,439,'2021-11-22 22:17:00'),(10,1,1,2,554,152,'2021-12-11 18:20:00'),(10,1,1,2,571,34,'2021-11-15 14:54:00'),(10,1,1,2,571,319,'2021-12-15 23:32:00'),(10,1,1,2,573,22,'2021-11-17 00:00:00'),(10,1,1,2,591,531,'2021-10-27 15:39:00'),(10,1,1,2,605,425,'2021-10-17 13:32:00'),(10,1,1,2,608,288,'2021-11-28 20:18:00'),(11,1,2,1,9,136,'2021-11-10 22:41:00'),(11,1,2,1,15,6,'2021-11-17 22:30:00'),(11,1,2,1,37,576,'2021-11-14 10:59:00'),(11,1,2,1,43,120,'2021-10-26 20:55:00'),(11,1,2,1,57,533,'2021-10-25 13:33:00'),(11,1,2,1,75,548,'2021-10-27 17:29:00'),(11,1,2,1,106,468,'2021-10-23 23:58:00'),(11,1,2,1,107,495,'2021-10-12 20:37:00'),(11,1,2,1,117,441,'2021-11-22 20:31:00'),(11,1,2,1,118,298,'2021-11-17 16:45:00'),(11,1,2,1,138,463,'2021-11-17 18:20:00'),(11,1,2,1,157,604,'2021-12-20 12:35:00'),(11,1,2,1,170,319,'2021-10-27 18:16:00'),(11,1,2,1,172,97,'2021-12-10 20:42:00'),(11,1,2,1,189,383,'2021-12-26 21:51:00'),(11,1,2,1,276,110,'2021-10-26 23:34:00'),(11,1,2,1,279,91,'2021-11-25 16:43:00'),(11,1,2,1,292,166,'2021-12-20 11:29:00'),(11,1,2,1,327,302,'2021-10-26 13:57:00'),(11,1,2,1,368,457,'2021-12-20 00:00:00'),(11,1,2,1,402,8,'2021-11-27 14:58:00'),(11,1,2,1,418,366,'2021-12-11 11:40:00'),(11,1,2,1,426,402,'2021-11-14 17:54:00'),(11,1,2,1,427,393,'2021-11-21 18:56:00'),(11,1,2,1,434,469,'2021-11-12 17:36:00'),(11,1,2,1,438,597,'2021-12-24 16:46:00'),(11,1,2,1,486,144,'2021-11-20 22:57:00'),(11,1,2,1,500,477,'2021-11-18 19:19:00'),(11,1,2,1,508,515,'2021-12-26 17:12:00'),(11,1,2,1,515,510,'2021-12-11 19:53:00'),(11,1,2,1,573,219,'2021-12-22 10:17:00'),(11,1,2,1,579,271,'2021-10-10 13:16:00'),(11,1,2,1,605,187,'2021-11-16 17:25:00'),(12,3,1,1,1,122,'2021-10-28 17:25:00'),(12,3,1,1,27,414,'2021-10-27 13:24:00'),(12,3,1,1,89,138,'2021-12-24 12:34:00'),(12,3,1,1,109,48,'2021-12-25 22:17:00'),(12,3,1,1,157,45,'2021-12-28 23:10:00'),(12,3,1,1,187,571,'2021-10-14 13:49:00'),(12,3,1,1,202,503,'2021-10-19 14:10:00'),(12,3,1,1,204,414,'2021-12-19 18:13:00'),(12,3,1,1,204,569,'2021-11-22 15:27:00'),(12,3,1,1,206,201,'2021-10-12 15:11:00'),(12,3,1,1,234,207,'2021-12-24 12:49:00'),(12,3,1,1,239,515,'2021-12-27 18:17:00'),(12,3,1,1,268,347,'2021-12-25 16:59:00'),(12,3,1,1,271,556,'2021-12-21 12:14:00'),(12,3,1,1,284,337,'2021-12-27 18:33:00'),(12,3,1,1,303,450,'2021-10-13 20:32:00'),(12,3,1,1,318,330,'2021-10-28 13:35:00'),(12,3,1,1,325,261,'2021-11-17 16:19:00'),(12,3,1,1,326,388,'2021-10-18 12:23:00'),(12,3,1,1,350,186,'2021-12-11 19:59:00'),(12,3,1,1,360,180,'2021-11-17 19:18:00'),(12,3,1,1,370,31,'2021-12-19 10:45:00'),(12,3,1,1,421,403,'2021-11-13 17:31:00'),(12,3,1,1,424,543,'2021-11-27 21:10:00'),(12,3,1,1,431,491,'2021-12-14 17:20:00'),(12,3,1,1,439,606,'2021-12-18 11:58:00'),(12,3,1,1,443,336,'2021-10-10 23:16:00'),(12,3,1,1,444,297,'2021-10-22 20:10:00'),(12,3,1,1,478,46,'2021-12-20 20:19:00'),(12,3,1,1,509,90,'2021-11-25 22:46:00'),(12,3,1,1,527,281,'2021-10-13 11:34:00'),(12,3,1,1,569,29,'2021-11-24 00:00:00'),(12,3,1,1,571,426,'2021-11-14 17:37:00'),(13,2,1,1,2,154,'2021-12-16 22:44:00'),(13,2,1,1,14,612,'2021-11-12 18:56:00'),(13,2,1,1,21,422,'2021-11-12 16:32:00'),(13,2,1,1,45,539,'2021-10-24 10:39:00'),(13,2,1,1,94,339,'2021-12-15 23:31:00'),(13,2,1,1,101,378,'2021-10-14 18:12:00'),(13,2,1,1,129,605,'2021-12-15 20:47:00'),(13,2,1,1,133,86,'2021-10-28 23:22:00'),(13,2,1,1,135,432,'2021-11-19 14:52:00'),(13,2,1,1,160,429,'2021-11-10 12:12:00'),(13,2,1,1,181,310,'2021-11-14 23:32:00'),(13,2,1,1,191,196,'2021-12-22 21:29:00'),(13,2,1,1,223,307,'2021-12-24 15:49:00'),(13,2,1,1,273,69,'2021-12-16 18:32:00'),(13,2,1,1,275,45,'2021-11-18 13:14:00'),(13,2,1,1,280,80,'2021-12-12 20:41:00'),(13,2,1,1,311,294,'2021-11-19 10:59:00'),(13,2,1,1,337,49,'2021-12-24 16:29:00'),(13,2,1,1,338,97,'2021-11-27 23:10:00'),(13,2,1,1,363,201,'2021-12-16 18:49:00'),(13,2,1,1,405,459,'2021-10-12 22:54:00'),(13,2,1,1,408,368,'2021-12-26 17:38:00'),(13,2,1,1,471,482,'2021-10-10 21:39:00'),(13,2,1,1,498,607,'2021-10-13 12:47:00'),(13,2,1,1,499,74,'2021-10-10 10:39:00'),(13,2,1,1,509,442,'2021-11-26 00:00:00'),(13,2,1,1,545,302,'2021-10-22 21:56:00'),(13,2,1,1,581,103,'2021-10-22 10:52:00'),(13,2,1,1,590,240,'2021-11-19 11:38:00'),(13,2,1,1,592,440,'2021-12-22 13:28:00'),(13,2,1,1,602,413,'2021-12-28 21:37:00'),(13,2,1,1,607,97,'2021-11-17 23:45:00'),(13,2,1,1,609,333,'2021-10-14 10:12:00'),(14,1,1,2,8,280,'2021-12-15 10:23:00'),(14,1,1,2,52,175,'2021-12-13 00:00:00'),(14,1,1,2,112,606,'2021-10-23 11:46:00'),(14,1,1,2,116,179,'2021-10-10 19:55:00'),(14,1,1,2,121,174,'2021-11-25 23:36:00'),(14,1,1,2,126,469,'2021-10-15 14:44:00'),(14,1,1,2,144,400,'2021-12-25 14:19:00'),(14,1,1,2,156,140,'2021-10-16 13:23:00'),(14,1,1,2,208,103,'2021-12-20 16:49:00'),(14,1,1,2,208,201,'2021-11-24 14:10:00'),(14,1,1,2,224,6,'2021-10-12 18:34:00'),(14,1,1,2,229,454,'2021-12-13 18:33:00'),(14,1,1,2,232,368,'2021-11-15 13:22:00'),(14,1,1,2,232,459,'2021-10-26 17:30:00'),(14,1,1,2,232,589,'2021-10-24 11:54:00'),(14,1,1,2,250,520,'2021-12-28 16:36:00'),(14,1,1,2,263,463,'2021-12-27 13:22:00'),(14,1,1,2,280,498,'2021-10-20 12:29:00'),(14,1,1,2,281,418,'2021-12-20 15:58:00'),(14,1,1,2,295,105,'2021-10-28 16:32:00'),(14,1,1,2,360,147,'2021-10-17 17:39:00'),(14,1,1,2,374,279,'2021-10-13 20:32:00'),(14,1,1,2,391,190,'2021-12-25 23:13:00'),(14,1,1,2,399,522,'2021-12-13 14:37:00'),(14,1,1,2,447,284,'2021-12-14 18:31:00'),(14,1,1,2,476,586,'2021-10-25 22:41:00'),(14,1,1,2,490,474,'2021-10-21 10:17:00'),(14,1,1,2,503,529,'2021-12-12 14:30:00'),(14,1,1,2,523,457,'2021-11-19 15:16:00'),(14,1,1,2,543,612,'2021-10-18 20:45:00'),(14,1,1,2,565,471,'2021-12-27 14:38:00'),(14,1,1,2,568,328,'2021-10-27 18:38:00'),(14,1,1,2,603,392,'2021-10-21 10:42:00'),(15,3,1,2,8,447,'2021-11-14 11:23:00'),(15,3,1,2,30,372,'2021-10-13 22:20:00'),(15,3,1,2,38,257,'2021-11-21 13:41:00'),(15,3,1,2,44,219,'2021-10-12 21:50:00'),(15,3,1,2,52,40,'2021-12-27 18:46:00'),(15,3,1,2,55,26,'2021-10-25 21:17:00'),(15,3,1,2,82,7,'2021-12-17 17:47:00'),(15,3,1,2,90,401,'2021-10-22 13:41:00'),(15,3,1,2,97,349,'2021-12-16 21:44:00'),(15,3,1,2,118,216,'2021-11-15 17:29:00'),(15,3,1,2,126,157,'2021-11-25 15:21:00'),(15,3,1,2,147,162,'2021-12-25 20:18:00'),(15,3,1,2,158,24,'2021-12-24 13:57:00'),(15,3,1,2,167,8,'2021-11-27 14:57:00'),(15,3,1,2,173,45,'2021-12-23 20:19:00'),(15,3,1,2,173,459,'2021-10-13 23:47:00'),(15,3,1,2,197,561,'2021-10-15 11:43:00'),(15,3,1,2,204,379,'2021-12-19 20:51:00'),(15,3,1,2,276,24,'2021-12-24 20:25:00'),(15,3,1,2,293,384,'2021-12-28 12:44:00'),(15,3,1,2,298,315,'2021-12-23 14:34:00'),(15,3,1,2,299,430,'2021-11-13 19:12:00'),(15,3,1,2,336,495,'2021-12-19 18:20:00'),(15,3,1,2,349,263,'2021-11-22 11:29:00'),(15,3,1,2,373,471,'2021-11-14 11:50:00'),(15,3,1,2,420,474,'2021-10-15 16:35:00'),(15,3,1,2,494,424,'2021-12-16 15:36:00'),(15,3,1,2,503,102,'2021-12-12 10:52:00'),(15,3,1,2,525,563,'2021-10-26 20:47:00'),(15,3,1,2,539,449,'2021-11-27 22:15:00'),(15,3,1,2,563,236,'2021-10-16 21:14:00'),(15,3,1,2,596,316,'2021-11-10 19:40:00'),(15,3,1,2,604,81,'2021-12-15 00:00:00'),(16,1,1,1,5,56,'2021-12-18 13:39:00'),(16,1,1,1,47,223,'2021-12-14 17:46:00'),(16,1,1,1,51,304,'2021-12-23 16:22:00'),(16,1,1,1,71,354,'2021-10-10 15:18:00'),(16,1,1,1,73,259,'2021-11-10 11:39:00'),(16,1,1,1,78,324,'2021-12-19 16:59:00'),(16,1,1,1,99,239,'2021-11-11 15:41:00'),(16,1,1,1,100,257,'2021-12-14 10:24:00'),(16,1,1,1,117,459,'2021-11-24 13:12:00'),(16,1,1,1,151,212,'2021-11-24 17:44:00'),(16,1,1,1,154,522,'2021-12-28 23:34:00'),(16,1,1,1,161,354,'2021-10-20 20:22:00'),(16,1,1,1,197,448,'2021-11-20 20:35:00'),(16,1,1,1,207,20,'2021-11-13 18:42:00'),(16,1,1,1,221,454,'2021-11-20 14:41:00'),(16,1,1,1,225,460,'2021-11-17 11:10:00'),(16,1,1,1,229,455,'2021-11-24 13:48:00'),(16,1,1,1,286,335,'2021-10-20 14:30:00'),(16,1,1,1,299,107,'2021-10-11 19:58:00'),(16,1,1,1,303,571,'2021-12-24 11:55:00'),(16,1,1,1,305,455,'2021-12-14 11:39:00'),(16,1,1,1,311,561,'2021-11-28 11:50:00'),(16,1,1,1,313,96,'2021-12-12 15:25:00'),(16,1,1,1,326,483,'2021-10-26 17:39:00'),(16,1,1,1,330,257,'2021-10-24 10:46:00'),(16,1,1,1,338,425,'2021-12-17 22:26:00'),(16,1,1,1,349,124,'2021-11-17 22:52:00'),(16,1,1,1,372,180,'2021-10-18 17:35:00'),(16,1,1,1,401,108,'2021-10-28 00:00:00'),(16,1,1,1,425,438,'2021-10-19 14:16:00'),(16,1,1,1,563,158,'2021-11-22 10:49:00'),(16,1,1,1,581,465,'2021-10-11 14:55:00'),(16,1,1,1,583,538,'2021-12-27 12:10:00'),(17,2,1,2,6,472,'2021-12-14 20:37:00'),(17,2,1,2,78,437,'2021-10-15 22:19:00'),(17,2,1,2,80,243,'2021-10-21 12:25:00'),(17,2,1,2,82,238,'2021-11-20 11:21:00'),(17,2,1,2,119,242,'2021-11-27 11:58:00'),(17,2,1,2,139,551,'2021-12-26 18:23:00'),(17,2,1,2,149,315,'2021-12-24 15:37:00'),(17,2,1,2,153,64,'2021-11-27 16:26:00'),(17,2,1,2,168,187,'2021-11-12 19:54:00'),(17,2,1,2,177,544,'2021-11-20 19:24:00'),(17,2,1,2,182,480,'2021-10-22 22:50:00'),(17,2,1,2,209,298,'2021-10-26 21:42:00'),(17,2,1,2,224,588,'2021-11-17 17:52:00'),(17,2,1,2,260,180,'2021-12-24 18:16:00'),(17,2,1,2,283,78,'2021-11-18 16:21:00'),(17,2,1,2,322,376,'2021-12-18 20:30:00'),(17,2,1,2,343,135,'2021-11-24 17:28:00'),(17,2,1,2,373,24,'2021-10-14 14:28:00'),(17,2,1,2,375,565,'2021-12-15 23:24:00'),(17,2,1,2,394,443,'2021-12-18 00:00:00'),(17,2,1,2,395,155,'2021-11-15 18:39:00'),(17,2,1,2,430,381,'2021-12-10 11:46:00'),(17,2,1,2,445,527,'2021-11-21 13:17:00'),(17,2,1,2,459,68,'2021-12-18 18:29:00'),(17,2,1,2,493,116,'2021-12-21 17:25:00'),(17,2,1,2,520,217,'2021-10-22 20:42:00'),(17,2,1,2,521,366,'2021-11-24 13:36:00'),(17,2,1,2,527,569,'2021-11-18 23:49:00'),(17,2,1,2,558,422,'2021-10-25 12:46:00'),(17,2,1,2,563,216,'2021-11-17 13:22:00'),(17,2,1,2,575,53,'2021-11-24 14:59:00'),(17,2,1,2,586,585,'2021-11-23 17:56:00'),(17,2,1,2,587,598,'2021-12-14 12:30:00'),(18,3,1,3,12,468,'2021-11-18 12:37:00'),(18,3,1,3,50,439,'2021-12-26 13:43:00'),(18,3,1,3,52,394,'2021-10-21 15:17:00'),(18,3,1,3,57,312,'2021-11-10 22:28:00'),(18,3,1,3,70,550,'2021-11-18 15:17:00'),(18,3,1,3,85,161,'2021-10-20 23:54:00'),(18,3,1,3,99,98,'2021-10-26 19:55:00'),(18,3,1,3,112,503,'2021-10-11 15:23:00'),(18,3,1,3,126,460,'2021-12-12 18:57:00'),(18,3,1,3,145,428,'2021-11-11 11:14:00'),(18,3,1,3,178,411,'2021-11-11 22:42:00'),(18,3,1,3,205,230,'2021-11-12 17:34:00'),(18,3,1,3,209,38,'2021-10-25 19:37:00'),(18,3,1,3,244,370,'2021-10-27 12:25:00'),(18,3,1,3,254,17,'2021-10-18 10:29:00'),(18,3,1,3,286,253,'2021-10-17 21:58:00'),(18,3,1,3,287,66,'2021-12-11 13:31:00'),(18,3,1,3,293,16,'2021-12-11 12:53:00'),(18,3,1,3,305,585,'2021-12-18 20:43:00'),(18,3,1,3,324,81,'2021-12-24 11:13:00'),(18,3,1,3,346,543,'2021-10-14 14:14:00'),(18,3,1,3,351,532,'2021-11-20 15:12:00'),(18,3,1,3,384,61,'2021-11-24 15:15:00'),(18,3,1,3,460,174,'2021-11-26 00:00:00'),(18,3,1,3,461,592,'2021-12-11 18:48:00'),(18,3,1,3,474,609,'2021-12-16 12:34:00'),(18,3,1,3,479,235,'2021-11-11 23:27:00'),(18,3,1,3,506,22,'2021-11-11 17:20:00'),(18,3,1,3,517,508,'2021-12-14 12:25:00'),(18,3,1,3,539,30,'2021-12-11 17:43:00'),(18,3,1,3,566,587,'2021-10-13 10:43:00'),(18,3,1,3,580,429,'2021-11-25 18:46:00'),(18,3,1,3,610,501,'2021-12-25 18:42:00'),(19,2,2,2,11,112,'2021-10-27 15:19:00'),(19,2,2,2,26,111,'2021-12-25 14:10:00'),(19,2,2,2,29,183,'2021-12-28 18:16:00'),(19,2,2,2,36,36,'2021-12-12 14:24:00'),(19,2,2,2,47,209,'2021-11-17 13:30:00'),(19,2,2,2,47,230,'2021-12-14 14:33:00'),(19,2,2,2,58,41,'2021-11-12 12:56:00'),(19,2,2,2,63,104,'2021-11-25 18:22:00'),(19,2,2,2,69,23,'2021-10-24 22:59:00'),(19,2,2,2,116,514,'2021-10-21 12:31:00'),(19,2,2,2,126,589,'2021-11-19 11:44:00'),(19,2,2,2,132,50,'2021-12-23 20:10:00'),(19,2,2,2,135,23,'2021-11-10 14:51:00'),(19,2,2,2,146,575,'2021-11-24 18:54:00'),(19,2,2,2,161,605,'2021-12-16 21:52:00'),(19,2,2,2,166,532,'2021-10-27 18:10:00'),(19,2,2,2,221,416,'2021-10-18 21:57:00'),(19,2,2,2,271,492,'2021-10-15 15:29:00'),(19,2,2,2,362,583,'2021-11-18 00:00:00'),(19,2,2,2,404,447,'2021-12-16 19:22:00'),(19,2,2,2,429,591,'2021-12-17 12:49:00'),(19,2,2,2,437,487,'2021-11-23 17:59:00'),(19,2,2,2,444,521,'2021-12-13 14:41:00'),(19,2,2,2,452,415,'2021-11-13 19:33:00'),(19,2,2,2,514,229,'2021-10-12 14:58:00'),(19,2,2,2,537,121,'2021-10-11 16:11:00'),(19,2,2,2,545,152,'2021-12-28 11:12:00'),(19,2,2,2,562,191,'2021-12-28 19:44:00'),(19,2,2,2,564,132,'2021-10-26 13:45:00'),(19,2,2,2,566,565,'2021-12-26 20:58:00'),(19,2,2,2,573,253,'2021-11-23 16:42:00'),(19,2,2,2,586,321,'2021-12-14 15:41:00'),(19,2,2,2,586,518,'2021-10-10 16:31:00'),(20,2,1,1,1,95,'2021-11-11 22:40:00'),(20,2,1,1,11,197,'2021-10-10 18:15:00'),(20,2,1,1,14,242,'2021-11-14 00:00:00'),(20,2,1,1,15,533,'2021-10-14 22:48:00'),(20,2,1,1,51,105,'2021-11-10 16:47:00'),(20,2,1,1,69,157,'2021-10-12 13:27:00'),(20,2,1,1,75,501,'2021-10-25 14:32:00'),(20,2,1,1,78,48,'2021-10-10 16:37:00'),(20,2,1,1,117,482,'2021-11-18 13:12:00'),(20,2,1,1,162,357,'2021-10-21 15:58:00'),(20,2,1,1,166,243,'2021-11-17 14:37:00'),(20,2,1,1,195,399,'2021-12-28 23:48:00'),(20,2,1,1,248,53,'2021-10-17 14:59:00'),(20,2,1,1,295,574,'2021-12-16 12:58:00'),(20,2,1,1,301,5,'2021-10-24 21:55:00'),(20,2,1,1,317,556,'2021-11-23 21:35:00'),(20,2,1,1,346,35,'2021-12-18 21:39:00'),(20,2,1,1,354,216,'2021-11-15 12:44:00'),(20,2,1,1,364,75,'2021-10-15 21:49:00'),(20,2,1,1,364,578,'2021-12-18 23:43:00'),(20,2,1,1,379,452,'2021-11-16 17:31:00'),(20,2,1,1,386,339,'2021-12-27 17:17:00'),(20,2,1,1,410,341,'2021-11-17 22:27:00'),(20,2,1,1,415,22,'2021-11-26 23:49:00'),(20,2,1,1,435,310,'2021-11-22 12:38:00'),(20,2,1,1,437,239,'2021-11-14 18:55:00'),(20,2,1,1,438,192,'2021-11-25 18:14:00'),(20,2,1,1,443,588,'2021-11-27 21:54:00'),(20,2,1,1,502,147,'2021-10-10 18:52:00'),(20,2,1,1,513,336,'2021-11-28 18:25:00'),(20,2,1,1,524,157,'2021-10-21 16:43:00'),(20,2,1,1,563,251,'2021-11-18 10:25:00'),(20,2,1,1,579,461,'2021-11-19 12:52:00'),(21,4,1,1,28,159,'2021-10-14 18:49:00'),(21,4,1,1,64,118,'2021-10-23 16:54:00'),(21,4,1,1,91,316,'2021-10-26 20:17:00'),(21,4,1,1,101,26,'2021-11-10 12:22:00'),(21,4,1,1,124,198,'2021-10-27 21:37:00'),(21,4,1,1,148,521,'2021-10-18 19:42:00'),(21,4,1,1,154,251,'2021-11-20 00:00:00'),(21,4,1,1,161,117,'2021-12-24 23:43:00'),(21,4,1,1,191,78,'2021-12-16 13:59:00'),(21,4,1,1,192,25,'2021-11-10 22:44:00'),(21,4,1,1,208,68,'2021-10-14 17:38:00'),(21,4,1,1,248,313,'2021-12-20 11:14:00'),(21,4,1,1,280,311,'2021-12-11 23:12:00'),(21,4,1,1,285,78,'2021-10-27 23:27:00'),(21,4,1,1,311,93,'2021-11-24 14:55:00'),(21,4,1,1,323,594,'2021-12-21 21:58:00'),(21,4,1,1,362,326,'2021-10-26 15:27:00'),(21,4,1,1,373,104,'2021-10-19 23:48:00'),(21,4,1,1,399,281,'2021-11-16 15:49:00'),(21,4,1,1,399,373,'2021-11-21 19:53:00'),(21,4,1,1,417,563,'2021-11-21 19:13:00'),(21,4,1,1,420,398,'2021-12-24 17:56:00'),(21,4,1,1,439,251,'2021-12-25 12:11:00'),(21,4,1,1,440,28,'2021-10-14 12:27:00'),(21,4,1,1,459,206,'2021-11-26 13:52:00'),(21,4,1,1,468,530,'2021-12-22 20:36:00'),(21,4,1,1,484,591,'2021-10-28 15:59:00'),(21,4,1,1,488,480,'2021-12-18 13:32:00'),(21,4,1,1,521,186,'2021-11-26 11:21:00'),(21,4,1,1,557,20,'2021-12-25 12:32:00'),(21,4,1,1,562,185,'2021-11-17 19:21:00'),(21,4,1,1,594,244,'2021-12-18 14:13:00'),(21,4,1,1,604,604,'2021-11-15 10:46:00'),(22,5,1,2,10,394,'2021-10-20 22:56:00'),(22,5,1,2,34,27,'2021-11-15 14:16:00'),(22,5,1,2,34,176,'2021-10-21 20:24:00'),(22,5,1,2,40,180,'2021-10-16 13:40:00'),(22,5,1,2,48,82,'2021-10-18 19:31:00'),(22,5,1,2,60,486,'2021-11-20 15:38:00'),(22,5,1,2,62,492,'2021-11-19 15:16:00'),(22,5,1,2,67,96,'2021-11-21 17:25:00'),(22,5,1,2,80,176,'2021-12-26 10:15:00'),(22,5,1,2,131,246,'2021-10-10 22:59:00'),(22,5,1,2,140,224,'2021-12-14 21:33:00'),(22,5,1,2,170,450,'2021-10-22 18:38:00'),(22,5,1,2,175,424,'2021-11-17 20:57:00'),(22,5,1,2,210,153,'2021-11-22 18:25:00'),(22,5,1,2,212,321,'2021-11-28 12:56:00'),(22,5,1,2,215,518,'2021-10-11 14:28:00'),(22,5,1,2,248,524,'2021-11-22 15:27:00'),(22,5,1,2,251,401,'2021-10-20 16:30:00'),(22,5,1,2,300,99,'2021-12-23 21:11:00'),(22,5,1,2,307,270,'2021-12-11 18:21:00'),(22,5,1,2,331,58,'2021-10-23 12:55:00'),(22,5,1,2,355,302,'2021-11-11 11:36:00'),(22,5,1,2,410,446,'2021-10-27 21:24:00'),(22,5,1,2,419,436,'2021-11-18 17:46:00'),(22,5,1,2,420,235,'2021-10-17 15:19:00'),(22,5,1,2,424,2,'2021-10-12 20:29:00'),(22,5,1,2,507,450,'2021-10-12 10:51:00'),(22,5,1,2,511,568,'2021-11-27 17:45:00'),(22,5,1,2,517,54,'2021-10-28 14:16:00'),(22,5,1,2,526,354,'2021-11-18 17:45:00'),(22,5,1,2,539,537,'2021-10-17 00:00:00'),(22,5,1,2,549,8,'2021-11-10 15:21:00'),(22,5,1,2,578,256,'2021-10-14 16:12:00'),(23,6,1,4,6,326,'2021-12-16 20:59:00'),(23,6,1,4,16,533,'2021-11-24 14:59:00'),(23,6,1,4,40,556,'2021-12-22 13:47:00'),(23,6,1,4,48,342,'2021-12-27 17:12:00'),(23,6,1,4,86,316,'2021-12-25 13:19:00'),(23,6,1,4,86,456,'2021-11-12 22:33:00'),(23,6,1,4,87,469,'2021-12-17 14:40:00'),(23,6,1,4,96,459,'2021-12-21 16:47:00'),(23,6,1,4,98,135,'2021-12-16 23:13:00'),(23,6,1,4,107,204,'2021-12-17 22:56:00'),(23,6,1,4,116,25,'2021-11-16 10:49:00'),(23,6,1,4,133,602,'2021-11-25 12:56:00'),(23,6,1,4,162,365,'2021-12-24 15:10:00'),(23,6,1,4,206,12,'2021-10-25 00:00:00'),(23,6,1,4,227,16,'2021-11-13 21:44:00'),(23,6,1,4,246,190,'2021-12-26 16:53:00'),(23,6,1,4,257,65,'2021-11-27 23:13:00'),(23,6,1,4,293,65,'2021-12-11 19:50:00'),(23,6,1,4,309,224,'2021-10-20 22:41:00'),(23,6,1,4,311,338,'2021-12-12 12:54:00'),(23,6,1,4,330,543,'2021-11-21 17:10:00'),(23,6,1,4,348,96,'2021-12-24 19:11:00'),(23,6,1,4,352,395,'2021-11-25 20:14:00'),(23,6,1,4,359,494,'2021-10-19 15:37:00'),(23,6,1,4,384,426,'2021-12-20 14:47:00'),(23,6,1,4,400,325,'2021-11-28 14:12:00'),(23,6,1,4,405,373,'2021-10-11 15:40:00'),(23,6,1,4,434,81,'2021-11-22 21:23:00'),(23,6,1,4,441,224,'2021-11-25 17:57:00'),(23,6,1,4,458,542,'2021-10-21 20:51:00'),(23,6,1,4,493,330,'2021-12-21 12:10:00'),(23,6,1,4,504,84,'2021-12-17 16:44:00'),(23,6,1,4,537,189,'2021-10-13 12:52:00'),(24,4,1,3,72,569,'2021-12-14 22:11:00'),(24,4,1,3,128,394,'2021-10-18 19:14:00'),(24,4,1,3,133,153,'2021-10-19 15:55:00'),(24,4,1,3,143,377,'2021-12-10 14:15:00'),(24,4,1,3,160,584,'2021-11-16 22:22:00'),(24,4,1,3,165,301,'2021-11-17 13:33:00'),(24,4,1,3,176,28,'2021-12-22 20:47:00'),(24,4,1,3,180,86,'2021-12-18 16:50:00'),(24,4,1,3,202,215,'2021-11-18 20:43:00'),(24,4,1,3,236,319,'2021-10-19 20:27:00'),(24,4,1,3,254,277,'2021-11-11 11:25:00'),(24,4,1,3,261,513,'2021-11-25 21:43:00'),(24,4,1,3,287,123,'2021-11-23 14:54:00'),(24,4,1,3,292,372,'2021-10-10 17:35:00'),(24,4,1,3,293,499,'2021-12-15 23:28:00'),(24,4,1,3,354,232,'2021-11-27 22:10:00'),(24,4,1,3,356,238,'2021-10-10 20:24:00'),(24,4,1,3,363,44,'2021-12-15 13:43:00'),(24,4,1,3,379,298,'2021-10-12 00:00:00'),(24,4,1,3,382,346,'2021-11-11 14:23:00'),(24,4,1,3,399,372,'2021-10-21 20:57:00'),(24,4,1,3,409,274,'2021-11-24 10:58:00'),(24,4,1,3,440,352,'2021-11-24 10:51:00'),(24,4,1,3,453,401,'2021-11-27 21:46:00'),(24,4,1,3,460,296,'2021-11-20 16:41:00'),(24,4,1,3,489,36,'2021-11-21 17:16:00'),(24,4,1,3,503,440,'2021-10-14 22:23:00'),(24,4,1,3,515,429,'2021-10-26 13:47:00'),(24,4,1,3,559,403,'2021-12-18 19:36:00'),(24,4,1,3,559,404,'2021-12-21 11:23:00'),(24,4,1,3,565,425,'2021-10-13 23:21:00'),(24,4,1,3,605,297,'2021-12-18 19:13:00'),(24,4,1,3,606,160,'2021-12-27 12:59:00'),(25,4,1,5,22,393,'2021-11-16 17:39:00'),(25,4,1,5,65,521,'2021-12-26 13:30:00'),(25,4,1,5,83,290,'2021-12-12 20:20:00'),(25,4,1,5,83,573,'2021-11-25 18:12:00'),(25,4,1,5,85,136,'2021-10-16 19:42:00'),(25,4,1,5,90,144,'2021-12-18 15:20:00'),(25,4,1,5,92,357,'2021-10-15 00:00:00'),(25,4,1,5,122,350,'2021-12-26 15:50:00'),(25,4,1,5,133,93,'2021-10-14 15:18:00'),(25,4,1,5,135,45,'2021-11-15 17:14:00'),(25,4,1,5,147,208,'2021-10-20 20:19:00'),(25,4,1,5,204,290,'2021-11-20 19:20:00'),(25,4,1,5,206,464,'2021-11-21 23:15:00'),(25,4,1,5,208,444,'2021-11-23 10:24:00'),(25,4,1,5,246,588,'2021-11-10 19:43:00'),(25,4,1,5,269,180,'2021-10-17 22:39:00'),(25,4,1,5,278,174,'2021-12-17 13:55:00'),(25,4,1,5,292,597,'2021-10-13 20:57:00'),(25,4,1,5,313,169,'2021-10-22 11:27:00'),(25,4,1,5,340,245,'2021-10-17 12:16:00'),(25,4,1,5,341,90,'2021-10-14 16:42:00'),(25,4,1,5,358,128,'2021-10-25 17:36:00'),(25,4,1,5,370,299,'2021-10-18 13:47:00'),(25,4,1,5,387,201,'2021-11-20 17:12:00'),(25,4,1,5,416,63,'2021-12-28 16:54:00'),(25,4,1,5,475,291,'2021-12-25 13:48:00'),(25,4,1,5,520,347,'2021-10-24 22:31:00'),(25,4,1,5,540,562,'2021-10-19 16:49:00'),(25,4,1,5,543,471,'2021-12-21 14:28:00'),(25,4,1,5,547,209,'2021-12-11 15:10:00'),(25,4,1,5,548,411,'2021-10-23 19:43:00'),(25,4,1,5,570,492,'2021-10-22 19:19:00'),(25,4,1,5,587,331,'2021-12-24 13:52:00'),(26,1,6,1,2,456,'2021-12-26 20:23:00'),(26,1,6,1,12,169,'2021-11-26 17:49:00'),(26,1,6,1,17,484,'2021-11-23 11:51:00'),(26,1,6,1,23,485,'2021-10-17 18:11:00'),(26,1,6,1,80,51,'2021-12-26 22:52:00'),(26,1,6,1,114,461,'2021-10-22 23:25:00'),(26,1,6,1,155,185,'2021-10-11 23:57:00'),(26,1,6,1,188,62,'2021-10-13 10:59:00'),(26,1,6,1,201,340,'2021-12-12 16:56:00'),(26,1,6,1,223,128,'2021-11-16 23:56:00'),(26,1,6,1,253,537,'2021-12-16 11:25:00'),(26,1,6,1,255,235,'2021-12-26 13:52:00'),(26,1,6,1,275,345,'2021-12-18 11:36:00'),(26,1,6,1,277,593,'2021-11-12 00:00:00'),(26,1,6,1,283,140,'2021-10-20 12:38:00'),(26,1,6,1,285,535,'2021-10-15 20:32:00'),(26,1,6,1,289,358,'2021-11-16 15:46:00'),(26,1,6,1,306,74,'2021-12-18 11:46:00'),(26,1,6,1,312,102,'2021-12-12 11:42:00'),(26,1,6,1,317,248,'2021-10-14 15:56:00'),(26,1,6,1,356,457,'2021-10-16 10:31:00'),(26,1,6,1,366,282,'2021-12-12 12:40:00'),(26,1,6,1,368,7,'2021-12-18 22:42:00'),(26,1,6,1,383,137,'2021-10-25 20:59:00'),(26,1,6,1,404,230,'2021-11-12 10:29:00'),(26,1,6,1,407,95,'2021-10-10 20:59:00'),(26,1,6,1,408,379,'2021-12-15 19:37:00'),(26,1,6,1,424,579,'2021-10-14 15:39:00'),(26,1,6,1,443,278,'2021-11-17 14:31:00'),(26,1,6,1,449,365,'2021-12-13 17:37:00'),(26,1,6,1,535,580,'2021-10-10 15:16:00'),(26,1,6,1,576,129,'2021-12-22 14:42:00'),(26,1,6,1,595,70,'2021-10-20 17:28:00'),(27,2,3,2,3,9,'2021-10-14 21:59:00'),(27,2,3,2,16,57,'2021-11-25 18:43:00'),(27,2,3,2,24,112,'2021-12-24 20:47:00'),(27,2,3,2,29,552,'2021-12-27 22:43:00'),(27,2,3,2,42,72,'2021-10-11 16:41:00'),(27,2,3,2,47,601,'2021-10-27 00:00:00'),(27,2,3,2,60,224,'2021-10-20 17:34:00'),(27,2,3,2,67,383,'2021-12-13 13:53:00'),(27,2,3,2,78,422,'2021-12-20 17:56:00'),(27,2,3,2,81,121,'2021-10-13 11:33:00'),(27,2,3,2,84,229,'2021-11-23 21:13:00'),(27,2,3,2,90,612,'2021-11-25 20:29:00'),(27,2,3,2,109,342,'2021-11-21 14:17:00'),(27,2,3,2,116,63,'2021-10-12 16:21:00'),(27,2,3,2,139,170,'2021-12-22 13:55:00'),(27,2,3,2,160,84,'2021-12-18 21:34:00'),(27,2,3,2,171,155,'2021-12-14 22:12:00'),(27,2,3,2,194,349,'2021-11-18 16:56:00'),(27,2,3,2,202,483,'2021-11-18 16:56:00'),(27,2,3,2,278,242,'2021-11-21 14:43:00'),(27,2,3,2,301,582,'2021-10-17 15:25:00'),(27,2,3,2,308,345,'2021-11-23 23:47:00'),(27,2,3,2,329,484,'2021-10-14 10:24:00'),(27,2,3,2,336,290,'2021-12-13 22:50:00'),(27,2,3,2,352,231,'2021-12-12 11:41:00'),(27,2,3,2,379,377,'2021-12-16 14:32:00'),(27,2,3,2,391,105,'2021-11-18 21:32:00'),(27,2,3,2,464,130,'2021-11-23 15:35:00'),(27,2,3,2,471,168,'2021-10-25 21:43:00'),(27,2,3,2,474,366,'2021-12-12 16:24:00'),(27,2,3,2,490,274,'2021-12-22 16:37:00'),(27,2,3,2,503,192,'2021-11-11 13:17:00'),(27,2,3,2,522,79,'2021-12-28 10:24:00'),(28,2,4,3,4,2,'2021-10-15 00:00:00'),(28,2,4,3,27,58,'2021-10-10 10:17:00'),(28,2,4,3,33,390,'2021-12-19 23:55:00'),(28,2,4,3,57,74,'2021-10-12 23:54:00'),(28,2,4,3,68,384,'2021-10-23 19:39:00'),(28,2,4,3,72,353,'2021-10-14 14:21:00'),(28,2,4,3,90,551,'2021-11-24 21:42:00'),(28,2,4,3,96,104,'2021-11-10 21:40:00'),(28,2,4,3,108,201,'2021-10-11 11:22:00'),(28,2,4,3,134,21,'2021-11-18 12:26:00'),(28,2,4,3,144,541,'2021-11-18 15:48:00'),(28,2,4,3,166,392,'2021-12-20 10:17:00'),(28,2,4,3,210,183,'2021-11-20 20:13:00'),(28,2,4,3,241,306,'2021-11-24 11:30:00'),(28,2,4,3,243,181,'2021-10-22 13:51:00'),(28,2,4,3,244,544,'2021-12-22 21:47:00'),(28,2,4,3,250,239,'2021-12-16 17:51:00'),(28,2,4,3,267,99,'2021-12-19 21:32:00'),(28,2,4,3,296,409,'2021-11-25 19:17:00'),(28,2,4,3,323,298,'2021-12-14 17:27:00'),(28,2,4,3,349,153,'2021-12-13 20:23:00'),(28,2,4,3,391,303,'2021-11-25 19:27:00'),(28,2,4,3,413,151,'2021-10-13 11:43:00'),(28,2,4,3,416,36,'2021-11-10 23:51:00'),(28,2,4,3,437,323,'2021-12-13 16:58:00'),(28,2,4,3,463,262,'2021-11-22 13:40:00'),(28,2,4,3,490,353,'2021-10-13 19:16:00'),(28,2,4,3,491,528,'2021-10-23 15:57:00'),(28,2,4,3,492,538,'2021-12-11 11:27:00'),(28,2,4,3,541,79,'2021-10-17 20:36:00'),(28,2,4,3,541,384,'2021-11-26 14:50:00'),(28,2,4,3,556,571,'2021-10-22 14:12:00'),(28,2,4,3,603,79,'2021-11-20 16:48:00'),(29,1,1,4,2,416,'2021-11-24 23:18:00'),(29,1,1,4,3,103,'2021-10-25 23:52:00'),(29,1,1,4,18,572,'2021-10-11 13:42:00'),(29,1,1,4,63,314,'2021-12-23 23:30:00'),(29,1,1,4,91,368,'2021-10-28 11:10:00'),(29,1,1,4,98,162,'2021-12-22 18:23:00'),(29,1,1,4,146,58,'2021-11-12 14:47:00'),(29,1,1,4,156,105,'2021-12-23 10:28:00'),(29,1,1,4,157,209,'2021-10-15 16:13:00'),(29,1,1,4,157,223,'2021-12-21 18:50:00'),(29,1,1,4,165,56,'2021-12-24 10:15:00'),(29,1,1,4,189,440,'2021-12-13 13:13:00'),(29,1,1,4,205,275,'2021-11-21 13:13:00'),(29,1,1,4,210,151,'2021-12-17 12:32:00'),(29,1,1,4,210,412,'2021-11-13 18:15:00'),(29,1,1,4,213,38,'2021-12-22 21:56:00'),(29,1,1,4,247,564,'2021-10-27 11:48:00'),(29,1,1,4,301,71,'2021-10-14 23:46:00'),(29,1,1,4,301,510,'2021-11-17 16:16:00'),(29,1,1,4,313,275,'2021-10-28 00:00:00'),(29,1,1,4,328,415,'2021-12-19 12:41:00'),(29,1,1,4,334,594,'2021-12-23 20:52:00'),(29,1,1,4,353,347,'2021-11-11 23:22:00'),(29,1,1,4,376,572,'2021-12-20 14:42:00'),(29,1,1,4,409,471,'2021-11-17 11:40:00'),(29,1,1,4,420,425,'2021-12-17 23:50:00'),(29,1,1,4,428,545,'2021-12-15 23:28:00'),(29,1,1,4,429,606,'2021-10-18 23:33:00'),(29,1,1,4,486,137,'2021-12-24 19:26:00'),(29,1,1,4,490,37,'2021-10-11 20:27:00'),(29,1,1,4,513,190,'2021-12-17 23:48:00'),(29,1,1,4,521,377,'2021-12-15 13:22:00'),(29,1,1,4,562,59,'2021-11-22 21:23:00'),(30,3,2,5,45,349,'2021-10-26 20:27:00'),(30,3,2,5,49,541,'2021-12-13 18:59:00'),(30,3,2,5,60,368,'2021-12-11 23:46:00'),(30,3,2,5,105,189,'2021-12-23 15:14:00'),(30,3,2,5,122,373,'2021-11-27 00:00:00'),(30,3,2,5,132,550,'2021-12-15 16:54:00'),(30,3,2,5,176,503,'2021-12-25 19:27:00'),(30,3,2,5,196,425,'2021-10-27 15:36:00'),(30,3,2,5,207,178,'2021-10-13 14:18:00'),(30,3,2,5,230,316,'2021-12-15 18:22:00'),(30,3,2,5,242,378,'2021-11-25 21:52:00'),(30,3,2,5,252,185,'2021-12-12 19:58:00'),(30,3,2,5,294,291,'2021-10-19 19:35:00'),(30,3,2,5,308,399,'2021-10-26 13:20:00'),(30,3,2,5,315,406,'2021-11-23 15:19:00'),(30,3,2,5,372,106,'2021-11-27 16:50:00'),(30,3,2,5,391,278,'2021-10-13 20:42:00'),(30,3,2,5,391,547,'2021-10-18 10:28:00'),(30,3,2,5,393,544,'2021-12-14 18:38:00'),(30,3,2,5,402,488,'2021-11-19 12:42:00'),(30,3,2,5,420,357,'2021-12-10 23:14:00'),(30,3,2,5,425,61,'2021-11-26 17:48:00'),(30,3,2,5,452,377,'2021-10-18 15:58:00'),(30,3,2,5,459,434,'2021-12-18 19:30:00'),(30,3,2,5,460,69,'2021-11-18 14:41:00'),(30,3,2,5,481,500,'2021-10-19 12:48:00'),(30,3,2,5,493,336,'2021-11-27 20:47:00'),(30,3,2,5,526,266,'2021-12-24 10:41:00'),(30,3,2,5,546,251,'2021-12-10 18:27:00'),(30,3,2,5,547,576,'2021-12-18 20:56:00'),(30,3,2,5,569,512,'2021-11-21 12:58:00'),(30,3,2,5,579,30,'2021-10-24 19:56:00'),(30,3,2,5,609,582,'2021-11-21 14:41:00'),(31,1,1,1,5,454,'2021-10-16 00:00:00'),(31,1,1,1,36,564,'2021-10-18 11:44:00'),(31,1,1,1,54,24,'2021-10-10 16:12:00'),(31,1,1,1,79,606,'2021-12-19 12:18:00'),(31,1,1,1,89,196,'2021-12-25 22:56:00'),(31,1,1,1,110,145,'2021-11-21 21:22:00'),(31,1,1,1,116,203,'2021-12-12 10:35:00'),(31,1,1,1,117,462,'2021-11-11 17:57:00'),(31,1,1,1,125,253,'2021-11-17 20:45:00'),(31,1,1,1,150,128,'2021-12-11 12:56:00'),(31,1,1,1,165,609,'2021-10-25 11:40:00'),(31,1,1,1,176,409,'2021-11-18 16:45:00'),(31,1,1,1,199,567,'2021-12-25 10:51:00'),(31,1,1,1,203,407,'2021-11-19 12:23:00'),(31,1,1,1,222,182,'2021-10-11 16:24:00'),(31,1,1,1,228,49,'2021-11-21 16:29:00'),(31,1,1,1,229,70,'2021-10-12 23:34:00'),(31,1,1,1,253,583,'2021-10-22 13:59:00'),(31,1,1,1,270,222,'2021-12-14 14:25:00'),(31,1,1,1,299,281,'2021-11-18 22:18:00'),(31,1,1,1,333,524,'2021-10-22 19:56:00'),(31,1,1,1,353,321,'2021-11-21 13:38:00'),(31,1,1,1,373,247,'2021-10-16 17:58:00'),(31,1,1,1,378,174,'2021-10-20 19:45:00'),(31,1,1,1,398,110,'2021-10-26 20:57:00'),(31,1,1,1,445,363,'2021-10-28 20:25:00'),(31,1,1,1,494,323,'2021-10-22 21:25:00'),(31,1,1,1,516,120,'2021-11-14 17:59:00'),(31,1,1,1,516,425,'2021-12-18 20:42:00'),(31,1,1,1,531,147,'2021-11-21 10:37:00'),(31,1,1,1,539,480,'2021-10-13 11:38:00'),(31,1,1,1,577,499,'2021-12-12 16:15:00'),(31,1,1,1,594,217,'2021-10-18 22:37:00'),(32,1,1,1,15,158,'2021-10-17 16:27:00'),(32,1,1,1,17,140,'2021-10-10 14:14:00'),(32,1,1,1,26,603,'2021-12-19 11:18:00'),(32,1,1,1,28,283,'2021-10-12 18:23:00'),(32,1,1,1,71,352,'2021-10-18 15:21:00'),(32,1,1,1,127,153,'2021-12-17 13:14:00'),(32,1,1,1,156,93,'2021-11-24 20:26:00'),(32,1,1,1,169,409,'2021-10-16 21:23:00'),(32,1,1,1,173,447,'2021-12-13 18:38:00'),(32,1,1,1,191,167,'2021-10-25 11:31:00'),(32,1,1,1,223,248,'2021-10-22 13:13:00'),(32,1,1,1,229,590,'2021-12-20 15:59:00'),(32,1,1,1,253,38,'2021-11-26 23:13:00'),(32,1,1,1,276,213,'2021-12-11 17:33:00'),(32,1,1,1,306,64,'2021-11-16 22:33:00'),(32,1,1,1,322,365,'2021-12-10 14:17:00'),(32,1,1,1,323,254,'2021-10-20 22:56:00'),(32,1,1,1,328,601,'2021-12-22 20:19:00'),(32,1,1,1,334,79,'2021-11-21 14:40:00'),(32,1,1,1,348,489,'2021-10-23 11:14:00'),(32,1,1,1,382,595,'2021-10-14 11:11:00'),(32,1,1,1,387,549,'2021-11-18 15:41:00'),(32,1,1,1,388,351,'2021-12-23 17:43:00'),(32,1,1,1,402,85,'2021-10-17 21:34:00'),(32,1,1,1,418,491,'2021-11-20 15:22:00'),(32,1,1,1,464,558,'2021-10-10 21:44:00'),(32,1,1,1,465,261,'2021-11-24 23:44:00'),(32,1,1,1,509,426,'2021-12-10 23:25:00'),(32,1,1,1,527,536,'2021-10-21 19:43:00'),(32,1,1,1,530,52,'2021-10-24 00:00:00'),(32,1,1,1,531,144,'2021-11-12 14:46:00'),(32,1,1,1,580,372,'2021-10-13 15:12:00'),(32,1,1,1,598,361,'2021-12-27 11:36:00'),(33,1,1,1,46,403,'2021-11-20 20:38:00'),(33,1,1,1,53,171,'2021-10-17 14:14:00'),(33,1,1,1,62,24,'2021-12-27 22:26:00'),(33,1,1,1,68,356,'2021-10-17 19:44:00'),(33,1,1,1,88,45,'2021-10-22 20:17:00'),(33,1,1,1,104,384,'2021-11-15 12:31:00'),(33,1,1,1,109,416,'2021-12-16 18:57:00'),(33,1,1,1,112,64,'2021-11-11 20:30:00'),(33,1,1,1,146,516,'2021-10-27 18:59:00'),(33,1,1,1,149,153,'2021-12-16 21:21:00'),(33,1,1,1,155,369,'2021-10-26 00:00:00'),(33,1,1,1,159,273,'2021-10-20 19:59:00'),(33,1,1,1,196,525,'2021-12-11 13:47:00'),(33,1,1,1,208,488,'2021-12-11 14:14:00'),(33,1,1,1,234,467,'2021-10-13 23:11:00'),(33,1,1,1,241,218,'2021-12-18 20:59:00'),(33,1,1,1,250,135,'2021-10-19 15:43:00'),(33,1,1,1,266,394,'2021-12-16 11:57:00'),(33,1,1,1,299,585,'2021-11-22 22:28:00'),(33,1,1,1,345,287,'2021-10-13 12:13:00'),(33,1,1,1,369,507,'2021-11-24 21:44:00'),(33,1,1,1,377,383,'2021-10-11 21:37:00'),(33,1,1,1,455,1,'2021-10-25 17:37:00'),(33,1,1,1,465,67,'2021-11-15 10:42:00'),(33,1,1,1,473,293,'2021-10-28 21:56:00'),(33,1,1,1,515,108,'2021-10-27 23:21:00'),(33,1,1,1,522,296,'2021-10-22 18:33:00'),(33,1,1,1,532,552,'2021-11-24 14:17:00'),(33,1,1,1,540,498,'2021-10-21 23:29:00'),(33,1,1,1,545,572,'2021-12-14 17:31:00'),(33,1,1,1,558,298,'2021-10-21 21:59:00'),(33,1,1,1,567,315,'2021-10-10 12:50:00'),(33,1,1,1,594,99,'2021-10-20 16:19:00'),(34,1,1,1,1,179,'2021-11-26 14:53:00'),(34,1,1,1,55,545,'2021-12-21 15:33:00'),(34,1,1,1,62,597,'2021-12-16 15:34:00'),(34,1,1,1,71,106,'2021-10-14 15:40:00'),(34,1,1,1,79,61,'2021-12-26 11:33:00'),(34,1,1,1,94,415,'2021-11-10 10:34:00'),(34,1,1,1,120,446,'2021-11-15 14:34:00'),(34,1,1,1,165,433,'2021-10-16 15:43:00'),(34,1,1,1,168,93,'2021-12-24 12:36:00'),(34,1,1,1,203,168,'2021-12-19 22:27:00'),(34,1,1,1,237,300,'2021-12-10 13:40:00'),(34,1,1,1,243,406,'2021-12-24 14:30:00'),(34,1,1,1,268,245,'2021-11-15 11:38:00'),(34,1,1,1,299,345,'2021-12-12 19:23:00'),(34,1,1,1,320,520,'2021-11-24 12:53:00'),(34,1,1,1,327,574,'2021-10-16 10:42:00'),(34,1,1,1,376,385,'2021-10-24 15:23:00'),(34,1,1,1,380,331,'2021-10-18 12:37:00'),(34,1,1,1,414,112,'2021-12-24 16:18:00'),(34,1,1,1,437,557,'2021-12-28 10:29:00'),(34,1,1,1,448,569,'2021-10-27 20:10:00'),(34,1,1,1,470,218,'2021-12-19 13:40:00'),(34,1,1,1,472,414,'2021-12-23 10:18:00'),(34,1,1,1,482,129,'2021-10-23 19:22:00'),(34,1,1,1,501,142,'2021-11-18 21:40:00'),(34,1,1,1,511,317,'2021-12-27 20:18:00'),(34,1,1,1,513,146,'2021-12-19 17:31:00'),(34,1,1,1,527,93,'2021-11-12 21:17:00'),(34,1,1,1,540,16,'2021-12-17 20:51:00'),(34,1,1,1,550,542,'2021-10-14 00:00:00'),(34,1,1,1,574,574,'2021-10-20 15:52:00'),(34,1,1,1,596,89,'2021-12-26 18:41:00'),(34,1,1,1,597,81,'2021-11-13 15:46:00'),(35,1,1,1,3,394,'2021-10-27 14:28:00'),(35,1,1,1,31,340,'2021-12-23 16:52:00'),(35,1,1,1,38,15,'2021-12-19 21:29:00'),(35,1,1,1,108,267,'2021-12-21 13:31:00'),(35,1,1,1,112,206,'2021-10-24 13:45:00'),(35,1,1,1,121,377,'2021-12-24 12:41:00'),(35,1,1,1,170,130,'2021-10-12 16:32:00'),(35,1,1,1,185,156,'2021-11-24 16:22:00'),(35,1,1,1,194,531,'2021-10-11 12:28:00'),(35,1,1,1,195,530,'2021-12-26 00:00:00'),(35,1,1,1,224,506,'2021-11-25 23:29:00'),(35,1,1,1,232,298,'2021-12-17 14:39:00'),(35,1,1,1,247,285,'2021-10-28 18:31:00'),(35,1,1,1,259,497,'2021-10-13 11:10:00'),(35,1,1,1,327,79,'2021-12-11 23:32:00'),(35,1,1,1,338,313,'2021-12-16 13:20:00'),(35,1,1,1,340,191,'2021-11-11 12:48:00'),(35,1,1,1,341,313,'2021-12-13 19:59:00'),(35,1,1,1,351,516,'2021-12-28 22:16:00'),(35,1,1,1,355,124,'2021-10-27 10:12:00'),(35,1,1,1,385,17,'2021-10-25 22:47:00'),(35,1,1,1,393,419,'2021-10-15 12:32:00'),(35,1,1,1,452,322,'2021-10-27 13:53:00'),(35,1,1,1,455,607,'2021-10-17 11:17:00'),(35,1,1,1,465,146,'2021-10-11 19:49:00'),(35,1,1,1,471,129,'2021-11-27 17:51:00'),(35,1,1,1,477,85,'2021-12-21 10:31:00'),(35,1,1,1,487,485,'2021-11-17 14:24:00'),(35,1,1,1,525,278,'2021-12-23 11:39:00'),(35,1,1,1,558,349,'2021-11-15 19:47:00'),(35,1,1,1,571,489,'2021-11-15 14:52:00'),(35,1,1,1,597,20,'2021-11-19 12:57:00'),(35,1,1,1,607,325,'2021-12-27 18:28:00'),(36,1,1,1,8,442,'2021-12-10 16:24:00'),(36,1,1,1,56,585,'2021-11-16 16:44:00'),(36,1,1,1,62,32,'2021-10-22 23:29:00'),(36,1,1,1,94,238,'2021-12-15 16:35:00'),(36,1,1,1,98,337,'2021-10-20 12:47:00'),(36,1,1,1,119,289,'2021-12-28 19:39:00'),(36,1,1,1,135,568,'2021-12-19 11:18:00'),(36,1,1,1,136,280,'2021-10-21 18:34:00'),(36,1,1,1,160,245,'2021-10-20 20:29:00'),(36,1,1,1,161,479,'2021-12-15 20:39:00'),(36,1,1,1,164,132,'2021-11-28 19:22:00'),(36,1,1,1,177,213,'2021-12-23 16:27:00'),(36,1,1,1,224,71,'2021-11-21 15:18:00'),(36,1,1,1,277,222,'2021-10-21 22:24:00'),(36,1,1,1,331,513,'2021-11-22 14:29:00'),(36,1,1,1,336,609,'2021-11-19 16:45:00'),(36,1,1,1,361,16,'2021-12-22 14:28:00'),(36,1,1,1,373,117,'2021-12-15 10:25:00'),(36,1,1,1,391,493,'2021-11-17 11:41:00'),(36,1,1,1,396,247,'2021-12-11 17:33:00'),(36,1,1,1,398,180,'2021-12-16 17:45:00'),(36,1,1,1,412,384,'2021-11-24 20:54:00'),(36,1,1,1,436,21,'2021-12-16 11:48:00'),(36,1,1,1,437,521,'2021-12-19 20:20:00'),(36,1,1,1,450,283,'2021-12-23 12:26:00'),(36,1,1,1,524,38,'2021-10-21 17:52:00'),(36,1,1,1,536,124,'2021-10-10 21:30:00'),(36,1,1,1,548,95,'2021-10-20 22:39:00'),(36,1,1,1,549,602,'2021-12-11 11:14:00'),(36,1,1,1,551,327,'2021-11-22 10:53:00'),(36,1,1,1,557,469,'2021-12-24 18:33:00'),(36,1,1,1,580,140,'2021-10-13 11:21:00'),(36,1,1,1,584,368,'2021-11-26 00:00:00'),(37,2,2,1,39,535,'2021-12-22 21:24:00'),(37,2,2,1,40,153,'2021-12-15 14:58:00'),(37,2,2,1,54,46,'2021-11-19 14:15:00'),(37,2,2,1,57,439,'2021-11-18 14:28:00'),(37,2,2,1,98,172,'2021-11-20 23:40:00'),(37,2,2,1,143,522,'2021-12-11 16:51:00'),(37,2,2,1,204,323,'2021-10-11 22:14:00'),(37,2,2,1,211,308,'2021-12-25 16:12:00'),(37,2,2,1,236,168,'2021-10-25 17:30:00'),(37,2,2,1,256,359,'2021-10-23 10:35:00'),(37,2,2,1,281,110,'2021-10-15 18:40:00'),(37,2,2,1,302,8,'2021-11-23 15:40:00'),(37,2,2,1,310,318,'2021-11-25 16:14:00'),(37,2,2,1,313,541,'2021-10-12 00:00:00'),(37,2,2,1,364,82,'2021-11-19 14:30:00'),(37,2,2,1,366,212,'2021-10-23 13:23:00'),(37,2,2,1,369,558,'2021-10-13 16:44:00'),(37,2,2,1,382,34,'2021-11-27 12:59:00'),(37,2,2,1,383,457,'2021-10-10 12:57:00'),(37,2,2,1,400,337,'2021-10-18 21:16:00'),(37,2,2,1,407,39,'2021-12-16 20:48:00'),(37,2,2,1,421,38,'2021-12-12 17:28:00'),(37,2,2,1,455,9,'2021-12-15 15:50:00'),(37,2,2,1,459,564,'2021-10-25 23:31:00'),(37,2,2,1,484,261,'2021-10-16 22:50:00'),(37,2,2,1,484,316,'2021-10-15 12:10:00'),(37,2,2,1,489,235,'2021-10-17 19:29:00'),(37,2,2,1,492,62,'2021-10-13 21:19:00'),(37,2,2,1,522,118,'2021-11-26 11:26:00'),(37,2,2,1,557,555,'2021-10-22 19:18:00'),(37,2,2,1,588,57,'2021-10-10 19:17:00'),(37,2,2,1,605,146,'2021-10-18 23:44:00'),(37,2,2,1,606,409,'2021-11-24 15:16:00'),(38,2,1,2,18,256,'2021-10-23 23:33:00'),(38,2,1,2,37,174,'2021-10-11 21:45:00'),(38,2,1,2,57,522,'2021-12-11 23:42:00'),(38,2,1,2,67,514,'2021-12-17 23:21:00'),(38,2,1,2,68,226,'2021-10-25 17:46:00'),(38,2,1,2,80,237,'2021-12-22 20:29:00'),(38,2,1,2,107,265,'2021-11-25 11:55:00'),(38,2,1,2,160,568,'2021-12-24 16:11:00'),(38,2,1,2,199,305,'2021-10-27 14:19:00'),(38,2,1,2,202,478,'2021-12-10 14:31:00'),(38,2,1,2,218,505,'2021-11-25 19:13:00'),(38,2,1,2,230,258,'2021-12-24 16:27:00'),(38,2,1,2,283,1,'2021-10-26 20:36:00'),(38,2,1,2,296,52,'2021-11-28 18:32:00'),(38,2,1,2,300,105,'2021-12-17 13:45:00'),(38,2,1,2,337,357,'2021-12-13 22:47:00'),(38,2,1,2,367,327,'2021-11-13 13:47:00'),(38,2,1,2,367,451,'2021-10-14 18:36:00'),(38,2,1,2,376,426,'2021-12-11 20:50:00'),(38,2,1,2,393,90,'2021-12-23 10:17:00'),(38,2,1,2,415,547,'2021-10-26 13:17:00'),(38,2,1,2,426,148,'2021-10-22 19:36:00'),(38,2,1,2,435,151,'2021-11-28 00:00:00'),(38,2,1,2,443,584,'2021-12-26 19:29:00'),(38,2,1,2,453,451,'2021-12-15 12:42:00'),(38,2,1,2,476,468,'2021-11-22 15:14:00'),(38,2,1,2,488,341,'2021-12-27 13:58:00'),(38,2,1,2,493,283,'2021-12-16 15:20:00'),(38,2,1,2,495,588,'2021-10-14 17:11:00'),(38,2,1,2,511,573,'2021-12-26 21:44:00'),(38,2,1,2,564,8,'2021-12-17 10:56:00'),(38,2,1,2,571,208,'2021-11-10 15:30:00'),(38,2,1,2,582,155,'2021-12-17 16:35:00'),(39,3,1,3,7,405,'2021-12-15 23:55:00'),(39,3,1,3,21,85,'2021-12-19 15:20:00'),(39,3,1,3,74,374,'2021-10-24 16:38:00'),(39,3,1,3,84,537,'2021-11-13 23:42:00'),(39,3,1,3,90,391,'2021-12-10 18:18:00'),(39,3,1,3,97,581,'2021-11-11 18:47:00'),(39,3,1,3,134,179,'2021-10-14 22:49:00'),(39,3,1,3,136,608,'2021-12-23 23:46:00'),(39,3,1,3,138,264,'2021-11-10 14:31:00'),(39,3,1,3,162,220,'2021-10-14 18:13:00'),(39,3,1,3,165,108,'2021-10-18 20:52:00'),(39,3,1,3,193,308,'2021-10-14 14:47:00'),(39,3,1,3,236,462,'2021-11-25 23:52:00'),(39,3,1,3,270,302,'2021-12-23 12:15:00'),(39,3,1,3,284,322,'2021-12-11 14:34:00'),(39,3,1,3,290,141,'2021-11-16 15:35:00'),(39,3,1,3,302,172,'2021-11-27 16:25:00'),(39,3,1,3,310,500,'2021-11-15 23:16:00'),(39,3,1,3,350,294,'2021-11-18 21:56:00'),(39,3,1,3,362,177,'2021-11-14 16:27:00'),(39,3,1,3,363,215,'2021-10-12 13:13:00'),(39,3,1,3,373,211,'2021-11-15 14:52:00'),(39,3,1,3,399,511,'2021-12-22 20:27:00'),(39,3,1,3,437,234,'2021-11-13 20:37:00'),(39,3,1,3,440,96,'2021-11-19 11:26:00'),(39,3,1,3,464,567,'2021-11-16 20:29:00'),(39,3,1,3,473,98,'2021-11-14 20:46:00'),(39,3,1,3,506,6,'2021-11-16 10:29:00'),(39,3,1,3,558,573,'2021-10-15 00:00:00'),(39,3,1,3,569,348,'2021-10-14 12:22:00'),(39,3,1,3,573,442,'2021-11-26 10:18:00'),(39,3,1,3,580,472,'2021-11-21 18:44:00'),(39,3,1,3,586,109,'2021-12-18 21:53:00'),(40,1,1,4,14,47,'2021-10-21 20:45:00'),(40,1,1,4,39,8,'2021-10-18 14:39:00'),(40,1,1,4,51,163,'2021-12-26 19:59:00'),(40,1,1,4,86,516,'2021-10-10 20:57:00'),(40,1,1,4,96,347,'2021-12-21 19:24:00'),(40,1,1,4,103,373,'2021-11-19 14:10:00'),(40,1,1,4,116,30,'2021-11-27 18:20:00'),(40,1,1,4,125,105,'2021-12-11 14:52:00'),(40,1,1,4,130,522,'2021-11-17 21:12:00'),(40,1,1,4,134,80,'2021-12-16 00:00:00'),(40,1,1,4,147,453,'2021-12-26 11:28:00'),(40,1,1,4,166,207,'2021-11-11 20:27:00'),(40,1,1,4,221,545,'2021-10-23 20:14:00'),(40,1,1,4,228,390,'2021-11-24 14:59:00'),(40,1,1,4,243,546,'2021-12-27 14:38:00'),(40,1,1,4,244,326,'2021-11-26 20:17:00'),(40,1,1,4,268,185,'2021-11-20 17:45:00'),(40,1,1,4,274,462,'2021-12-13 11:15:00'),(40,1,1,4,282,269,'2021-12-21 22:52:00'),(40,1,1,4,303,593,'2021-10-23 15:22:00'),(40,1,1,4,313,162,'2021-12-18 13:28:00'),(40,1,1,4,323,446,'2021-12-25 10:28:00'),(40,1,1,4,350,523,'2021-11-11 13:23:00'),(40,1,1,4,353,351,'2021-11-15 10:40:00'),(40,1,1,4,358,27,'2021-10-23 18:51:00'),(40,1,1,4,410,211,'2021-11-28 13:42:00'),(40,1,1,4,448,124,'2021-11-12 12:26:00'),(40,1,1,4,450,165,'2021-10-23 23:41:00'),(40,1,1,4,462,567,'2021-11-23 20:38:00'),(40,1,1,4,464,6,'2021-10-20 11:57:00'),(40,1,1,4,479,264,'2021-12-22 14:44:00'),(40,1,1,4,539,336,'2021-11-24 11:27:00'),(40,1,1,4,554,246,'2021-10-27 20:26:00'),(41,1,1,1,67,324,'2021-10-16 13:29:00'),(41,1,1,1,75,295,'2021-10-22 14:23:00'),(41,1,1,1,98,325,'2021-12-24 12:55:00'),(41,1,1,1,100,554,'2021-12-23 14:21:00'),(41,1,1,1,105,477,'2021-12-10 12:14:00'),(41,1,1,1,109,473,'2021-11-18 17:42:00'),(41,1,1,1,122,213,'2021-10-12 19:46:00'),(41,1,1,1,122,530,'2021-12-26 20:22:00'),(41,1,1,1,138,570,'2021-11-12 14:38:00'),(41,1,1,1,155,96,'2021-12-24 12:49:00'),(41,1,1,1,158,160,'2021-10-26 10:43:00'),(41,1,1,1,232,583,'2021-10-25 21:41:00'),(41,1,1,1,243,381,'2021-10-19 20:51:00'),(41,1,1,1,261,196,'2021-10-24 16:26:00'),(41,1,1,1,270,388,'2021-11-14 12:39:00'),(41,1,1,1,286,594,'2021-10-11 18:59:00'),(41,1,1,1,302,284,'2021-12-28 20:55:00'),(41,1,1,1,362,561,'2021-10-22 11:35:00'),(41,1,1,1,388,120,'2021-11-23 16:28:00'),(41,1,1,1,392,62,'2021-10-13 15:24:00'),(41,1,1,1,440,392,'2021-11-18 10:39:00'),(41,1,1,1,446,351,'2021-11-12 19:37:00'),(41,1,1,1,493,44,'2021-11-26 12:45:00'),(41,1,1,1,509,35,'2021-11-11 19:34:00'),(41,1,1,1,520,488,'2021-10-10 13:18:00'),(41,1,1,1,530,228,'2021-11-23 22:43:00'),(41,1,1,1,539,237,'2021-10-24 22:35:00'),(41,1,1,1,541,535,'2021-11-25 21:47:00'),(41,1,1,1,542,481,'2021-11-27 16:22:00'),(41,1,1,1,559,404,'2021-11-15 00:00:00'),(41,1,1,1,585,354,'2021-12-21 18:48:00'),(41,1,1,1,586,191,'2021-12-15 12:38:00'),(41,1,1,1,588,546,'2021-11-21 10:46:00'),(42,1,1,2,71,340,'2021-10-19 12:59:00'),(42,1,1,2,75,581,'2021-11-15 16:16:00'),(42,1,1,2,76,313,'2021-12-23 12:10:00'),(42,1,1,2,86,445,'2021-11-28 23:23:00'),(42,1,1,2,87,211,'2021-10-27 17:14:00'),(42,1,1,2,93,369,'2021-10-20 20:32:00'),(42,1,1,2,144,177,'2021-11-11 18:38:00'),(42,1,1,2,154,218,'2021-10-17 21:38:00'),(42,1,1,2,186,244,'2021-11-12 13:25:00'),(42,1,1,2,197,479,'2021-10-14 17:13:00'),(42,1,1,2,199,536,'2021-11-10 19:21:00'),(42,1,1,2,244,216,'2021-10-25 15:48:00'),(42,1,1,2,254,447,'2021-12-16 13:25:00'),(42,1,1,2,255,446,'2021-11-24 17:24:00'),(42,1,1,2,272,59,'2021-11-18 14:53:00'),(42,1,1,2,275,53,'2021-10-28 22:55:00'),(42,1,1,2,283,291,'2021-11-22 23:18:00'),(42,1,1,2,292,497,'2021-10-26 18:58:00'),(42,1,1,2,358,238,'2021-10-28 21:43:00'),(42,1,1,2,363,250,'2021-10-24 16:52:00'),(42,1,1,2,390,534,'2021-11-24 14:18:00'),(42,1,1,2,392,56,'2021-11-25 23:36:00'),(42,1,1,2,435,531,'2021-11-16 17:57:00'),(42,1,1,2,475,102,'2021-12-20 20:49:00'),(42,1,1,2,476,190,'2021-11-12 11:32:00'),(42,1,1,2,488,336,'2021-11-22 16:46:00'),(42,1,1,2,517,338,'2021-10-24 16:32:00'),(42,1,1,2,521,504,'2021-11-19 19:50:00'),(42,1,1,2,529,70,'2021-10-23 12:46:00'),(42,1,1,2,550,293,'2021-11-16 17:15:00'),(42,1,1,2,603,497,'2021-12-22 17:58:00'),(42,1,1,2,608,197,'2021-10-11 13:11:00'),(42,1,1,2,608,510,'2021-10-27 00:00:00'),(43,2,1,2,43,200,'2021-10-19 14:15:00'),(43,2,1,2,52,17,'2021-10-28 16:18:00'),(43,2,1,2,53,437,'2021-11-14 13:33:00'),(43,2,1,2,108,158,'2021-12-12 23:31:00'),(43,2,1,2,110,566,'2021-12-26 14:26:00'),(43,2,1,2,114,399,'2021-10-24 19:45:00'),(43,2,1,2,119,555,'2021-11-17 23:31:00'),(43,2,1,2,125,451,'2021-12-16 21:46:00'),(43,2,1,2,155,47,'2021-12-11 13:23:00'),(43,2,1,2,160,417,'2021-11-20 18:39:00'),(43,2,1,2,181,601,'2021-12-20 17:25:00'),(43,2,1,2,200,128,'2021-10-19 14:49:00'),(43,2,1,2,207,560,'2021-11-17 10:50:00'),(43,2,1,2,246,571,'2021-12-18 15:54:00'),(43,2,1,2,256,526,'2021-11-13 20:52:00'),(43,2,1,2,272,491,'2021-12-22 00:00:00'),(43,2,1,2,280,108,'2021-11-16 21:30:00'),(43,2,1,2,297,462,'2021-10-24 23:26:00'),(43,2,1,2,311,389,'2021-11-26 12:36:00'),(43,2,1,2,329,423,'2021-11-12 16:33:00'),(43,2,1,2,391,385,'2021-12-27 16:58:00'),(43,2,1,2,404,155,'2021-10-11 15:50:00'),(43,2,1,2,416,495,'2021-10-15 13:46:00'),(43,2,1,2,423,360,'2021-11-17 18:11:00'),(43,2,1,2,461,423,'2021-11-21 18:41:00'),(43,2,1,2,481,363,'2021-10-27 16:19:00'),(43,2,1,2,506,589,'2021-12-15 12:17:00'),(43,2,1,2,519,83,'2021-10-21 16:38:00'),(43,2,1,2,525,376,'2021-11-20 17:56:00'),(43,2,1,2,526,567,'2021-11-18 22:49:00'),(43,2,1,2,542,440,'2021-10-25 10:45:00'),(43,2,1,2,586,382,'2021-11-12 18:18:00'),(43,2,1,2,593,436,'2021-12-21 14:48:00'),(44,3,2,3,7,389,'2021-12-24 22:28:00'),(44,3,2,3,20,563,'2021-10-23 19:44:00'),(44,3,2,3,28,141,'2021-11-17 13:36:00'),(44,3,2,3,86,152,'2021-12-19 14:11:00'),(44,3,2,3,106,572,'2021-12-11 14:23:00'),(44,3,2,3,139,318,'2021-12-28 17:53:00'),(44,3,2,3,171,534,'2021-12-15 15:28:00'),(44,3,2,3,174,284,'2021-10-23 22:49:00'),(44,3,2,3,187,19,'2021-11-24 17:40:00'),(44,3,2,3,200,178,'2021-12-10 00:00:00'),(44,3,2,3,205,271,'2021-11-27 22:35:00'),(44,3,2,3,217,138,'2021-10-11 13:32:00'),(44,3,2,3,242,141,'2021-12-12 16:51:00'),(44,3,2,3,256,106,'2021-12-21 22:27:00'),(44,3,2,3,256,446,'2021-11-13 20:15:00'),(44,3,2,3,260,203,'2021-12-12 14:21:00'),(44,3,2,3,270,383,'2021-12-25 16:49:00'),(44,3,2,3,277,319,'2021-12-23 17:17:00'),(44,3,2,3,286,359,'2021-11-18 19:44:00'),(44,3,2,3,296,47,'2021-12-12 12:57:00'),(44,3,2,3,303,330,'2021-11-25 19:53:00'),(44,3,2,3,338,563,'2021-11-28 14:47:00'),(44,3,2,3,394,5,'2021-11-12 16:32:00'),(44,3,2,3,406,46,'2021-11-25 12:50:00'),(44,3,2,3,451,434,'2021-11-16 17:18:00'),(44,3,2,3,452,31,'2021-12-19 20:28:00'),(44,3,2,3,460,27,'2021-11-17 22:21:00'),(44,3,2,3,469,380,'2021-12-16 12:45:00'),(44,3,2,3,503,552,'2021-10-22 10:59:00'),(44,3,2,3,534,587,'2021-10-20 22:41:00'),(44,3,2,3,540,430,'2021-11-20 11:48:00'),(44,3,2,3,568,176,'2021-11-18 11:19:00'),(44,3,2,3,599,198,'2021-11-21 12:25:00'),(45,3,1,3,39,583,'2021-11-16 15:16:00'),(45,3,1,3,49,450,'2021-10-23 21:47:00'),(45,3,1,3,51,232,'2021-12-21 10:36:00'),(45,3,1,3,66,204,'2021-12-11 13:46:00'),(45,3,1,3,78,516,'2021-12-13 17:16:00'),(45,3,1,3,83,107,'2021-11-26 12:21:00'),(45,3,1,3,92,306,'2021-12-26 21:25:00'),(45,3,1,3,99,587,'2021-10-21 15:48:00'),(45,3,1,3,115,339,'2021-12-19 21:48:00'),(45,3,1,3,175,405,'2021-12-10 23:53:00'),(45,3,1,3,207,276,'2021-12-20 21:41:00'),(45,3,1,3,219,230,'2021-10-11 18:35:00'),(45,3,1,3,220,148,'2021-12-15 22:41:00'),(45,3,1,3,239,176,'2021-12-25 22:20:00'),(45,3,1,3,299,76,'2021-12-15 22:34:00'),(45,3,1,3,312,83,'2021-11-25 21:14:00'),(45,3,1,3,336,382,'2021-11-22 17:34:00'),(45,3,1,3,355,271,'2021-11-27 20:35:00'),(45,3,1,3,437,225,'2021-10-15 19:44:00'),(45,3,1,3,451,189,'2021-10-18 23:49:00'),(45,3,1,3,458,225,'2021-10-11 11:57:00'),(45,3,1,3,467,375,'2021-10-22 16:49:00'),(45,3,1,3,475,72,'2021-10-24 21:21:00'),(45,3,1,3,478,442,'2021-10-28 20:13:00'),(45,3,1,3,484,344,'2021-10-11 12:56:00'),(45,3,1,3,491,480,'2021-11-24 00:00:00'),(45,3,1,3,499,329,'2021-10-19 10:43:00'),(45,3,1,3,511,93,'2021-12-27 14:10:00'),(45,3,1,3,511,107,'2021-12-14 13:55:00'),(45,3,1,3,516,397,'2021-12-20 15:20:00'),(45,3,1,3,521,65,'2021-12-19 20:44:00'),(45,3,1,3,525,450,'2021-11-20 21:37:00'),(45,3,1,3,600,132,'2021-12-13 16:14:00'),(46,1,1,1,86,90,'2021-10-25 16:42:00'),(46,1,1,1,95,254,'2021-11-13 22:20:00'),(46,1,1,1,104,227,'2021-10-18 17:25:00'),(46,1,1,1,124,502,'2021-11-20 15:50:00'),(46,1,1,1,140,506,'2021-11-23 23:56:00'),(46,1,1,1,145,327,'2021-10-22 12:40:00'),(46,1,1,1,157,277,'2021-11-22 18:26:00'),(46,1,1,1,195,355,'2021-12-18 12:28:00'),(46,1,1,1,206,447,'2021-11-10 16:22:00'),(46,1,1,1,225,278,'2021-10-28 19:12:00'),(46,1,1,1,232,160,'2021-10-20 23:47:00'),(46,1,1,1,266,223,'2021-11-15 18:54:00'),(46,1,1,1,268,125,'2021-11-24 16:55:00'),(46,1,1,1,289,17,'2021-11-25 21:53:00'),(46,1,1,1,334,364,'2021-10-20 21:51:00'),(46,1,1,1,351,326,'2021-10-19 21:37:00'),(46,1,1,1,357,355,'2021-10-19 18:55:00'),(46,1,1,1,367,159,'2021-10-22 23:29:00'),(46,1,1,1,386,451,'2021-11-27 16:50:00'),(46,1,1,1,393,336,'2021-11-18 22:24:00'),(46,1,1,1,406,124,'2021-12-17 11:13:00'),(46,1,1,1,425,167,'2021-10-26 20:17:00'),(46,1,1,1,439,603,'2021-10-17 21:22:00'),(46,1,1,1,450,427,'2021-12-20 20:47:00'),(46,1,1,1,467,43,'2021-10-16 13:59:00'),(46,1,1,1,470,63,'2021-10-22 10:50:00'),(46,1,1,1,490,301,'2021-12-14 12:52:00'),(46,1,1,1,504,279,'2021-12-16 00:00:00'),(46,1,1,1,516,575,'2021-11-15 18:42:00'),(46,1,1,1,532,38,'2021-12-22 11:51:00'),(46,1,1,1,578,261,'2021-10-11 17:50:00'),(46,1,1,1,579,385,'2021-12-24 17:17:00'),(46,1,1,1,608,308,'2021-10-10 10:54:00'),(47,1,1,1,39,44,'2021-10-26 13:58:00'),(47,1,1,1,57,394,'2021-11-27 11:41:00'),(47,1,1,1,74,248,'2021-10-27 21:50:00'),(47,1,1,1,91,233,'2021-11-21 23:27:00'),(47,1,1,1,100,65,'2021-11-12 14:29:00'),(47,1,1,1,116,433,'2021-12-14 10:22:00'),(47,1,1,1,117,544,'2021-12-18 20:17:00'),(47,1,1,1,142,472,'2021-11-27 20:38:00'),(47,1,1,1,160,128,'2021-10-10 00:00:00'),(47,1,1,1,168,561,'2021-11-27 21:17:00'),(47,1,1,1,174,280,'2021-12-19 15:59:00'),(47,1,1,1,177,260,'2021-11-17 11:29:00'),(47,1,1,1,202,437,'2021-11-28 13:47:00'),(47,1,1,1,205,98,'2021-10-23 23:11:00'),(47,1,1,1,206,334,'2021-11-28 12:46:00'),(47,1,1,1,252,371,'2021-11-25 19:53:00'),(47,1,1,1,262,600,'2021-11-12 10:36:00'),(47,1,1,1,282,456,'2021-12-28 16:18:00'),(47,1,1,1,295,442,'2021-12-13 23:43:00'),(47,1,1,1,296,306,'2021-10-19 16:14:00'),(47,1,1,1,374,67,'2021-10-24 15:33:00'),(47,1,1,1,409,122,'2021-10-22 12:37:00'),(47,1,1,1,427,572,'2021-11-12 20:28:00'),(47,1,1,1,428,428,'2021-11-13 11:17:00'),(47,1,1,1,434,478,'2021-12-11 23:15:00'),(47,1,1,1,452,187,'2021-12-12 18:57:00'),(47,1,1,1,469,401,'2021-12-16 14:35:00'),(47,1,1,1,472,498,'2021-12-25 19:59:00'),(47,1,1,1,473,41,'2021-10-15 15:40:00'),(47,1,1,1,476,7,'2021-11-11 18:53:00'),(47,1,1,1,536,556,'2021-12-17 20:44:00'),(47,1,1,1,543,325,'2021-10-13 11:16:00'),(47,1,1,1,552,405,'2021-12-25 11:15:00'),(48,1,1,1,1,220,'2021-12-21 12:58:00'),(48,1,1,1,2,508,'2021-12-25 13:47:00'),(48,1,1,1,11,565,'2021-10-15 16:24:00'),(48,1,1,1,38,82,'2021-10-22 21:22:00'),(48,1,1,1,44,588,'2021-10-28 23:47:00'),(48,1,1,1,162,584,'2021-11-24 10:55:00'),(48,1,1,1,192,148,'2021-10-23 21:25:00'),(48,1,1,1,221,153,'2021-10-21 13:11:00'),(48,1,1,1,237,307,'2021-12-23 23:50:00'),(48,1,1,1,251,334,'2021-12-19 17:14:00'),(48,1,1,1,256,409,'2021-11-23 12:38:00'),(48,1,1,1,262,187,'2021-12-11 23:24:00'),(48,1,1,1,273,433,'2021-12-15 22:10:00'),(48,1,1,1,282,304,'2021-12-14 14:26:00'),(48,1,1,1,308,576,'2021-11-25 22:37:00'),(48,1,1,1,323,21,'2021-11-17 15:24:00'),(48,1,1,1,327,353,'2021-10-26 21:16:00'),(48,1,1,1,347,367,'2021-10-21 19:56:00'),(48,1,1,1,373,368,'2021-12-17 00:00:00'),(48,1,1,1,380,478,'2021-12-27 12:16:00'),(48,1,1,1,391,387,'2021-11-16 10:25:00'),(48,1,1,1,423,450,'2021-11-10 22:26:00'),(48,1,1,1,434,520,'2021-11-27 15:10:00'),(48,1,1,1,438,283,'2021-12-11 14:33:00'),(48,1,1,1,448,135,'2021-10-17 12:14:00'),(48,1,1,1,475,598,'2021-12-17 10:27:00'),(48,1,1,1,476,229,'2021-11-23 16:48:00'),(48,1,1,1,529,62,'2021-12-25 10:55:00'),(48,1,1,1,540,157,'2021-10-17 14:12:00'),(48,1,1,1,540,264,'2021-11-26 10:23:00'),(48,1,1,1,541,39,'2021-11-16 13:18:00'),(48,1,1,1,596,83,'2021-12-16 22:29:00'),(49,1,1,1,16,512,'2021-12-13 11:47:00'),(49,1,1,1,20,574,'2021-10-16 22:27:00'),(49,1,1,1,23,492,'2021-10-24 19:13:00'),(49,1,1,1,26,41,'2021-10-28 18:44:00'),(49,1,1,1,37,142,'2021-11-28 11:14:00'),(49,1,1,1,41,123,'2021-12-12 10:32:00'),(49,1,1,1,66,22,'2021-12-11 17:36:00'),(49,1,1,1,79,505,'2021-12-24 23:40:00'),(49,1,1,1,144,227,'2021-12-27 22:12:00'),(49,1,1,1,185,237,'2021-11-15 12:35:00'),(49,1,1,1,192,75,'2021-12-21 18:47:00'),(49,1,1,1,198,137,'2021-10-25 22:36:00'),(49,1,1,1,228,519,'2021-10-18 15:45:00'),(49,1,1,1,252,215,'2021-10-19 10:52:00'),(49,1,1,1,268,195,'2021-12-16 23:51:00'),(49,1,1,1,310,428,'2021-12-15 20:36:00'),(49,1,1,1,317,405,'2021-11-11 13:34:00'),(49,1,1,1,327,317,'2021-12-15 16:13:00'),(49,1,1,1,335,107,'2021-10-11 13:26:00'),(49,1,1,1,356,439,'2021-10-19 19:59:00'),(49,1,1,1,391,146,'2021-11-22 00:00:00'),(49,1,1,1,401,365,'2021-10-26 21:49:00'),(49,1,1,1,418,161,'2021-11-17 15:34:00'),(49,1,1,1,435,455,'2021-10-20 18:44:00'),(49,1,1,1,470,280,'2021-10-18 12:37:00'),(49,1,1,1,484,298,'2021-11-10 19:23:00'),(49,1,1,1,501,55,'2021-11-21 14:39:00'),(49,1,1,1,508,393,'2021-11-14 22:45:00'),(49,1,1,1,524,344,'2021-11-28 21:40:00'),(49,1,1,1,524,611,'2021-11-12 21:42:00'),(49,1,1,1,533,464,'2021-10-24 13:31:00'),(49,1,1,1,543,42,'2021-12-22 20:16:00'),(49,1,1,1,598,336,'2021-12-19 18:43:00'),(50,1,1,1,13,222,'2021-10-28 22:46:00'),(50,1,1,1,17,544,'2021-10-24 18:28:00'),(50,1,1,1,34,65,'2021-10-26 22:54:00'),(50,1,1,1,77,39,'2021-11-15 13:56:00'),(50,1,1,1,124,526,'2021-12-10 12:43:00'),(50,1,1,1,125,607,'2021-11-25 00:00:00'),(50,1,1,1,165,197,'2021-10-26 20:35:00'),(50,1,1,1,165,430,'2021-11-14 13:53:00'),(50,1,1,1,205,83,'2021-10-14 23:30:00'),(50,1,1,1,215,556,'2021-11-17 19:29:00'),(50,1,1,1,227,12,'2021-11-27 15:11:00'),(50,1,1,1,235,358,'2021-10-22 11:38:00'),(50,1,1,1,250,313,'2021-11-26 15:23:00'),(50,1,1,1,301,206,'2021-12-15 21:18:00'),(50,1,1,1,305,422,'2021-12-16 11:28:00'),(50,1,1,1,310,207,'2021-12-26 19:26:00'),(50,1,1,1,357,167,'2021-11-13 20:46:00'),(50,1,1,1,389,444,'2021-10-17 16:54:00'),(50,1,1,1,412,248,'2021-11-10 23:53:00'),(50,1,1,1,423,496,'2021-10-11 21:57:00'),(50,1,1,1,427,510,'2021-11-22 14:13:00'),(50,1,1,1,428,537,'2021-12-13 19:15:00'),(50,1,1,1,448,405,'2021-12-18 13:30:00'),(50,1,1,1,462,52,'2021-12-25 22:51:00'),(50,1,1,1,484,292,'2021-12-23 10:39:00'),(50,1,1,1,526,329,'2021-10-20 14:47:00'),(50,1,1,1,554,489,'2021-11-12 21:13:00'),(50,1,1,1,575,386,'2021-10-17 14:43:00'),(50,1,1,1,582,402,'2021-11-24 12:23:00'),(50,1,1,1,585,225,'2021-10-19 17:16:00'),(50,1,1,1,592,271,'2021-10-10 21:34:00'),(50,1,1,1,593,40,'2021-11-23 18:45:00'),(50,1,1,1,598,142,'2021-11-13 11:57:00'),(51,1,1,1,56,449,'2021-12-11 21:49:00'),(51,1,1,1,64,463,'2021-10-19 19:25:00'),(51,1,1,1,76,532,'2021-10-17 17:22:00'),(51,1,1,1,92,207,'2021-11-24 18:37:00'),(51,1,1,1,101,495,'2021-11-12 16:20:00'),(51,1,1,1,172,486,'2021-12-14 18:11:00'),(51,1,1,1,187,551,'2021-12-13 18:50:00'),(51,1,1,1,210,360,'2021-11-22 17:13:00'),(51,1,1,1,245,397,'2021-10-26 23:27:00'),(51,1,1,1,273,185,'2021-12-22 12:37:00'),(51,1,1,1,275,575,'2021-12-11 17:28:00'),(51,1,1,1,282,461,'2021-12-22 19:42:00'),(51,1,1,1,284,573,'2021-12-10 22:19:00'),(51,1,1,1,287,85,'2021-12-22 14:28:00'),(51,1,1,1,290,423,'2021-11-25 12:28:00'),(51,1,1,1,322,57,'2021-12-18 19:12:00'),(51,1,1,1,329,382,'2021-11-19 20:14:00'),(51,1,1,1,394,487,'2021-12-13 15:24:00'),(51,1,1,1,402,256,'2021-11-25 15:35:00'),(51,1,1,1,407,246,'2021-10-25 17:42:00'),(51,1,1,1,409,344,'2021-10-12 19:27:00'),(51,1,1,1,425,137,'2021-10-20 16:41:00'),(51,1,1,1,429,530,'2021-11-28 18:47:00'),(51,1,1,1,439,65,'2021-12-16 23:59:00'),(51,1,1,1,479,283,'2021-12-26 00:00:00'),(51,1,1,1,514,340,'2021-11-22 21:28:00'),(51,1,1,1,524,495,'2021-11-15 15:15:00'),(51,1,1,1,551,395,'2021-10-12 23:47:00'),(51,1,1,1,564,464,'2021-10-10 18:39:00'),(51,1,1,1,570,588,'2021-11-28 17:15:00'),(51,1,1,1,595,49,'2021-11-12 15:20:00'),(51,1,1,1,600,410,'2021-12-20 13:34:00'),(51,1,1,1,602,443,'2021-12-23 13:13:00'),(52,1,1,1,36,503,'2021-10-22 10:53:00'),(52,1,1,1,47,445,'2021-11-13 11:40:00'),(52,1,1,1,54,192,'2021-10-27 20:44:00'),(52,1,1,1,55,123,'2021-12-23 13:13:00'),(52,1,1,1,61,377,'2021-12-26 12:55:00'),(52,1,1,1,85,609,'2021-10-27 15:17:00'),(52,1,1,1,110,40,'2021-11-11 10:48:00'),(52,1,1,1,142,220,'2021-11-22 13:39:00'),(52,1,1,1,155,32,'2021-10-10 19:51:00'),(52,1,1,1,156,65,'2021-12-27 18:55:00'),(52,1,1,1,176,605,'2021-12-20 22:53:00'),(52,1,1,1,191,224,'2021-10-11 10:57:00'),(52,1,1,1,193,421,'2021-10-22 16:57:00'),(52,1,1,1,206,82,'2021-12-28 18:46:00'),(52,1,1,1,216,357,'2021-12-18 16:47:00'),(52,1,1,1,238,160,'2021-12-10 13:55:00'),(52,1,1,1,257,22,'2021-12-22 10:16:00'),(52,1,1,1,276,61,'2021-10-16 17:29:00'),(52,1,1,1,306,380,'2021-10-27 19:15:00'),(52,1,1,1,318,434,'2021-11-11 11:20:00'),(52,1,1,1,319,224,'2021-12-27 00:00:00'),(52,1,1,1,329,558,'2021-10-28 13:31:00'),(52,1,1,1,393,459,'2021-12-24 15:48:00'),(52,1,1,1,394,470,'2021-12-18 12:27:00'),(52,1,1,1,397,365,'2021-10-27 12:26:00'),(52,1,1,1,414,350,'2021-11-11 16:12:00'),(52,1,1,1,435,551,'2021-12-13 21:22:00'),(52,1,1,1,466,166,'2021-10-11 22:19:00'),(52,1,1,1,494,573,'2021-10-11 18:26:00'),(52,1,1,1,514,218,'2021-12-20 20:51:00'),(52,1,1,1,539,394,'2021-10-10 17:26:00'),(52,1,1,1,558,582,'2021-11-22 12:32:00'),(52,1,1,1,611,425,'2021-10-13 15:11:00'),(53,1,1,1,9,210,'2021-11-18 14:41:00'),(53,1,1,1,54,37,'2021-11-13 13:26:00'),(53,1,1,1,54,198,'2021-10-22 15:17:00'),(53,1,1,1,77,420,'2021-11-10 16:32:00'),(53,1,1,1,88,602,'2021-10-26 20:24:00'),(53,1,1,1,165,422,'2021-10-27 17:34:00'),(53,1,1,1,183,145,'2021-10-28 11:43:00'),(53,1,1,1,197,202,'2021-10-24 22:55:00'),(53,1,1,1,216,265,'2021-11-24 17:25:00'),(53,1,1,1,221,584,'2021-11-20 14:31:00'),(53,1,1,1,224,436,'2021-10-22 15:46:00'),(53,1,1,1,239,103,'2021-12-10 10:46:00'),(53,1,1,1,268,382,'2021-10-10 16:50:00'),(53,1,1,1,288,156,'2021-10-23 17:57:00'),(53,1,1,1,310,486,'2021-12-11 17:22:00'),(53,1,1,1,327,125,'2021-11-18 19:32:00'),(53,1,1,1,342,83,'2021-11-21 16:46:00'),(53,1,1,1,358,50,'2021-10-27 19:10:00'),(53,1,1,1,368,237,'2021-10-23 18:29:00'),(53,1,1,1,392,29,'2021-12-16 21:48:00'),(53,1,1,1,413,21,'2021-12-26 12:47:00'),(53,1,1,1,433,499,'2021-11-12 17:17:00'),(53,1,1,1,433,565,'2021-10-28 18:42:00'),(53,1,1,1,492,13,'2021-10-27 20:44:00'),(53,1,1,1,498,175,'2021-11-22 15:59:00'),(53,1,1,1,500,134,'2021-10-16 18:44:00'),(53,1,1,1,511,426,'2021-11-11 00:00:00'),(53,1,1,1,538,436,'2021-11-20 19:35:00'),(53,1,1,1,541,82,'2021-12-11 21:49:00'),(53,1,1,1,580,365,'2021-12-15 19:19:00'),(53,1,1,1,595,9,'2021-12-14 19:18:00'),(53,1,1,1,600,413,'2021-12-14 20:42:00'),(53,1,1,1,612,196,'2021-10-18 21:39:00'),(54,1,1,1,81,212,'2021-10-28 15:16:00'),(54,1,1,1,83,67,'2021-11-26 18:22:00'),(54,1,1,1,90,469,'2021-11-18 22:14:00'),(54,1,1,1,99,453,'2021-11-13 14:42:00'),(54,1,1,1,144,130,'2021-12-12 11:15:00'),(54,1,1,1,190,403,'2021-11-16 20:18:00'),(54,1,1,1,192,215,'2021-11-18 10:44:00'),(54,1,1,1,238,343,'2021-12-25 22:20:00'),(54,1,1,1,240,307,'2021-10-14 11:30:00'),(54,1,1,1,252,142,'2021-10-20 16:59:00'),(54,1,1,1,271,321,'2021-10-17 16:51:00'),(54,1,1,1,294,504,'2021-12-23 13:21:00'),(54,1,1,1,303,243,'2021-10-25 20:54:00'),(54,1,1,1,312,443,'2021-12-18 11:30:00'),(54,1,1,1,321,559,'2021-10-11 16:48:00'),(54,1,1,1,378,533,'2021-12-12 16:34:00'),(54,1,1,1,380,509,'2021-12-27 00:00:00'),(54,1,1,1,383,263,'2021-10-15 23:33:00'),(54,1,1,1,388,180,'2021-10-22 12:32:00'),(54,1,1,1,416,594,'2021-12-18 12:17:00'),(54,1,1,1,418,406,'2021-12-19 12:41:00'),(54,1,1,1,449,33,'2021-10-22 19:34:00'),(54,1,1,1,454,402,'2021-10-21 16:11:00'),(54,1,1,1,483,37,'2021-12-12 17:33:00'),(54,1,1,1,485,110,'2021-11-12 15:52:00'),(54,1,1,1,491,306,'2021-11-25 14:13:00'),(54,1,1,1,505,325,'2021-10-19 18:34:00'),(54,1,1,1,522,10,'2021-10-18 14:24:00'),(54,1,1,1,541,27,'2021-12-17 10:50:00'),(54,1,1,1,553,365,'2021-11-25 18:46:00'),(54,1,1,1,568,301,'2021-11-13 11:56:00'),(54,1,1,1,595,601,'2021-11-22 10:48:00'),(54,1,1,1,602,429,'2021-12-28 21:11:00'),(55,1,1,1,8,283,'2021-12-20 16:57:00'),(55,1,1,1,16,119,'2021-11-20 21:28:00'),(55,1,1,1,65,411,'2021-12-27 19:20:00'),(55,1,1,1,84,290,'2021-10-19 13:47:00'),(55,1,1,1,85,227,'2021-12-24 23:11:00'),(55,1,1,1,104,31,'2021-12-28 19:32:00'),(55,1,1,1,106,21,'2021-12-12 13:14:00'),(55,1,1,1,114,446,'2021-10-27 14:31:00'),(55,1,1,1,114,607,'2021-10-20 11:45:00'),(55,1,1,1,125,154,'2021-12-10 12:43:00'),(55,1,1,1,128,54,'2021-12-28 14:38:00'),(55,1,1,1,159,380,'2021-10-11 13:31:00'),(55,1,1,1,164,70,'2021-12-27 21:38:00'),(55,1,1,1,171,193,'2021-12-22 12:41:00'),(55,1,1,1,189,35,'2021-10-27 20:53:00'),(55,1,1,1,199,80,'2021-12-26 11:31:00'),(55,1,1,1,238,468,'2021-11-25 00:00:00'),(55,1,1,1,256,373,'2021-11-10 23:31:00'),(55,1,1,1,282,576,'2021-12-20 14:19:00'),(55,1,1,1,303,70,'2021-10-20 22:38:00'),(55,1,1,1,345,99,'2021-10-16 12:17:00'),(55,1,1,1,379,466,'2021-12-12 13:43:00'),(55,1,1,1,433,525,'2021-10-16 21:15:00'),(55,1,1,1,441,374,'2021-11-25 12:29:00'),(55,1,1,1,459,540,'2021-12-16 18:36:00'),(55,1,1,1,469,50,'2021-12-23 21:50:00'),(55,1,1,1,496,398,'2021-10-13 10:32:00'),(55,1,1,1,497,413,'2021-10-12 23:17:00'),(55,1,1,1,510,541,'2021-12-16 20:49:00'),(55,1,1,1,514,589,'2021-11-17 16:28:00'),(55,1,1,1,529,213,'2021-12-20 12:13:00'),(55,1,1,1,575,76,'2021-12-17 14:18:00'),(55,1,1,1,588,105,'2021-11-22 16:29:00');
/*!40000 ALTER TABLE `kurz_uzivatel` ENABLE KEYS */;
UNLOCK TABLES;

--
-- Table structure for table `misto`
--

DROP TABLE IF EXISTS `misto`;
/*!40101 SET @saved_cs_client     = @@character_set_client */;
/*!40101 SET character_set_client = utf8 */;
CREATE TABLE `misto` (
  `idmisto` int(10) unsigned NOT NULL AUTO_INCREMENT,
  `nazev` varchar(255) NOT NULL,
  PRIMARY KEY (`idmisto`),
  UNIQUE KEY `idmisto_UNIQUE` (`idmisto`),
  UNIQUE KEY `nazev_UNIQUE` (`nazev`)
) ENGINE=InnoDB AUTO_INCREMENT=31 DEFAULT CHARSET=utf8;
/*!40101 SET character_set_client = @saved_cs_client */;

--
-- Dumping data for table `misto`
--

LOCK TABLES `misto` WRITE;
/*!40000 ALTER TABLE `misto` DISABLE KEYS */;
INSERT INTO `misto` VALUES (21,'ANTARCTICA'),(11,'Aš'),(15,'Asie'),(1,'Brno'),(24,'CZECHIA'),(20,'Farma Honzík'),(28,'Florenc'),(22,'GERMANY'),(3,'Hlavní budova'),(8,'Hradec Králové'),(25,'JAPAN'),(29,'Karlin'),(16,'Kolumbie'),(17,'Kulturní centrum'),(10,'Liberec'),(26,'MADAGASCAR'),(30,'Mustek'),(2,'Ostrava'),(9,'Plzeň'),(5,'Praha 1'),(6,'Praha 2'),(7,'Praha 3'),(27,'RUSSIA'),(13,'Sibiř'),(18,'Stadion'),(12,'Trutnov'),(14,'U Filipa doma'),(4,'Vedlejší budova'),(19,'Vojenská polní kuchyně'),(23,'YEREVAN');
/*!40000 ALTER TABLE `misto` ENABLE KEYS */;
UNLOCK TABLES;

--
-- Table structure for table `role`
--

DROP TABLE IF EXISTS `role`;
/*!40101 SET @saved_cs_client     = @@character_set_client */;
/*!40101 SET character_set_client = utf8 */;
CREATE TABLE `role` (
  `idrole` int(10) unsigned NOT NULL AUTO_INCREMENT,
  `nazev` varchar(255) NOT NULL,
  PRIMARY KEY (`idrole`),
  UNIQUE KEY `idrole_UNIQUE` (`idrole`),
  UNIQUE KEY `nazev_UNIQUE` (`nazev`)
) ENGINE=InnoDB AUTO_INCREMENT=7 DEFAULT CHARSET=utf8;
/*!40101 SET character_set_client = @saved_cs_client */;

--
-- Dumping data for table `role`
--

LOCK TABLES `role` WRITE;
/*!40000 ALTER TABLE `role` DISABLE KEYS */;
INSERT INTO `role` VALUES (1,'Administrátor'),(4,'Ban'),(6,'Lektor'),(2,'Manažer'),(5,'Účastník'),(3,'Uživatel');
/*!40000 ALTER TABLE `role` ENABLE KEYS */;
UNLOCK TABLES;

--
-- Table structure for table `uroven`
--

DROP TABLE IF EXISTS `uroven`;
/*!40101 SET @saved_cs_client     = @@character_set_client */;
/*!40101 SET character_set_client = utf8 */;
CREATE TABLE `uroven` (
  `iduroven` int(10) unsigned NOT NULL AUTO_INCREMENT,
  `nazev` varchar(255) NOT NULL,
  PRIMARY KEY (`iduroven`),
  UNIQUE KEY `iduroven_UNIQUE` (`iduroven`),
  UNIQUE KEY `nazev_UNIQUE` (`nazev`)
) ENGINE=InnoDB AUTO_INCREMENT=12 DEFAULT CHARSET=utf8;
/*!40101 SET character_set_client = @saved_cs_client */;

--
-- Dumping data for table `uroven`
--

LOCK TABLES `uroven` WRITE;
/*!40000 ALTER TABLE `uroven` DISABLE KEYS */;
INSERT INTO `uroven` VALUES (11,'Amatér'),(3,'Expert'),(9,'Jedi'),(10,'Master'),(5,'Mistr'),(8,'Padawan'),(2,'Pokročilý'),(6,'Polovicnik'),(7,'Professional'),(4,'Střední'),(1,'Začátečník');
/*!40000 ALTER TABLE `uroven` ENABLE KEYS */;
UNLOCK TABLES;

--
-- Table structure for table `uzivatel`
--

DROP TABLE IF EXISTS `uzivatel`;
/*!40101 SET @saved_cs_client     = @@character_set_client */;
/*!40101 SET character_set_client = utf8 */;
CREATE TABLE `uzivatel` (
  `iduzivatel` int(10) unsigned NOT NULL AUTO_INCREMENT,
  `jmeno` varchar(255) NOT NULL,
  `prijmeni` varchar(255) NOT NULL,
  `username` varchar(255) NOT NULL,
  `email` varchar(255) NOT NULL,
  `telefon` varchar(255) NOT NULL,
  `heslo` varchar(255) NOT NULL,
  `idrole` int(10) unsigned NOT NULL,
  `datum_narozeni` date NOT NULL,
  PRIMARY KEY (`iduzivatel`,`idrole`),
  UNIQUE KEY `iduzivatel_UNIQUE` (`iduzivatel`),
  UNIQUE KEY `username_UNIQUE` (`username`),
  UNIQUE KEY `email_UNIQUE` (`email`),
  KEY `fk_uzivatel_role_idx` (`idrole`),
  CONSTRAINT `fk_uzivatel_role` FOREIGN KEY (`idrole`) REFERENCES `role` (`idrole`) ON DELETE NO ACTION ON UPDATE NO ACTION
) ENGINE=InnoDB AUTO_INCREMENT=613 DEFAULT CHARSET=utf8;
/*!40101 SET character_set_client = @saved_cs_client */;

--
-- Dumping data for table `uzivatel`
--

LOCK TABLES `uzivatel` WRITE;
/*!40000 ALTER TABLE `uzivatel` DISABLE KEYS */;
INSERT INTO `uzivatel` VALUES (1,'Vojtěch','Štengl','vojtech.stengl','vojtech.stengl@email.cz','778 636 835','855e4c2b5e067bf3e755e58c95e47bcb',3,'1933-05-01'),(2,'Eduard','Grundza','eduard.grundza','eduard.grundza@yahoo.com','883 223 183','855e4c2b5e067bf3e755e58c95e47bcb',3,'1999-06-25'),(3,'Michael','Hes','michael.hes','michael.hes@centrum.cz','298 223 609','855e4c2b5e067bf3e755e58c95e47bcb',3,'1920-09-19'),(4,'Rostislav','Pavel','rostislav.pavel','rostislav.pavel@email.com','608 712 297','855e4c2b5e067bf3e755e58c95e47bcb',3,'1960-02-13'),(5,'Ferdinand','Balek','ferdinand.balek','ferdinand.balek@email.com','725 724 190','855e4c2b5e067bf3e755e58c95e47bcb',3,'1979-11-23'),(6,'Kevin','Herink','kevin.herink','kevin.herink@volny.cz','719 671 901','855e4c2b5e067bf3e755e58c95e47bcb',3,'1949-09-26'),(7,'Eliáš','Hrubeš','elias.hrubes','elias.hrubes@centrum.cz','668 739 454','855e4c2b5e067bf3e755e58c95e47bcb',3,'1954-02-14'),(8,'Jindřich','Odvárka','jindrich.odvarka','jindrich.odvarka@email.com','877 423 224','855e4c2b5e067bf3e755e58c95e47bcb',3,'1901-01-24'),(9,'Matyas','Machek','matyas.machek','matyas.machek@centrum.cz','236 755 957','855e4c2b5e067bf3e755e58c95e47bcb',3,'1932-03-29'),(10,'Šimon','Horník','simon.hornik','simon.hornik@seznam.cz','760 281 164','855e4c2b5e067bf3e755e58c95e47bcb',3,'1910-04-24'),(11,'Jaroslav','Jurajda','jaroslav.jurajda','jaroslav.jurajda@seznam.cz','393 855 374','855e4c2b5e067bf3e755e58c95e47bcb',3,'1920-03-16'),(12,'Leoš','Brzobohatý','leos.brzobohaty','leos.brzobohaty@gmail.com','696 507 475','855e4c2b5e067bf3e755e58c95e47bcb',3,'1945-04-06'),(13,'Maxim','Kopa','maxim.kopa','maxim.kopa@email.com','663 192 899','855e4c2b5e067bf3e755e58c95e47bcb',3,'1969-07-21'),(14,'Karel','Klír','karel.klir','karel.klir@centrum.cz','945 384 622','855e4c2b5e067bf3e755e58c95e47bcb',3,'1933-04-29'),(15,'Richard','Saidl','richard.saidl','richard.saidl@volny.cz','891 795 770','855e4c2b5e067bf3e755e58c95e47bcb',3,'1901-01-24'),(16,'Igor','Mates','igor.mates','igor.mates@gmail.com','280 376 524','855e4c2b5e067bf3e755e58c95e47bcb',3,'1932-03-29'),(17,'Marian','Vimr','marian.vimr','marian.vimr@email.cz','297 627 217','855e4c2b5e067bf3e755e58c95e47bcb',3,'1910-04-24'),(18,'Marco','Tomšík','marco.tomsik','marco.tomsik@seznam.cz','333 695 422','855e4c2b5e067bf3e755e58c95e47bcb',3,'1920-03-16'),(19,'Josef','Macko','josef.macko','josef.macko@seznam.cz','308 452 945','855e4c2b5e067bf3e755e58c95e47bcb',3,'1912-06-17'),(20,'Kristián','Bouda','kristian.bouda','kristian.bouda@volny.cz','731 211 147','855e4c2b5e067bf3e755e58c95e47bcb',3,'1934-12-19'),(21,'Pavla','Stryková','pavla.strykova','pavla.strykova@volny.cz','792 819 287','855e4c2b5e067bf3e755e58c95e47bcb',3,'1979-06-24'),(22,'Jessica','Carbolová','jessica.carbolova','jessica.carbolova@seznam.cz','971 701 961','855e4c2b5e067bf3e755e58c95e47bcb',3,'1971-09-24'),(23,'Růžena','Opálková','ruzena.opalkova','ruzena.opalkova@centrum.cz','221 652 314','855e4c2b5e067bf3e755e58c95e47bcb',3,'1912-07-21'),(24,'Iva','Bubeníčková','iva.bubenickova','iva.bubenickova@volny.cz','384 670 779','855e4c2b5e067bf3e755e58c95e47bcb',3,'1934-02-23'),(25,'Eleanor','Kratochvilová','eleanor.kratochvilova','eleanor.kratochvilova@gmail.com','595 917 902','855e4c2b5e067bf3e755e58c95e47bcb',3,'1952-12-01'),(26,'Elena','Matuchová','elena.matuchova','elena.matuchova@yahoo.com','407 412 918','855e4c2b5e067bf3e755e58c95e47bcb',3,'1919-05-14'),(27,'Eva','Semelová','eva.semelova','eva.semelova@yahoo.com','395 517 394','855e4c2b5e067bf3e755e58c95e47bcb',3,'1991-04-19'),(28,'Emílie','Matějová','emilie.matejova','emilie.matejova@yahoo.com','455 894 450','855e4c2b5e067bf3e755e58c95e47bcb',3,'1903-07-20'),(29,'Týna','Roztočilová','tyna.roztocilova','tyna.roztocilova@seznam.cz','815 315 611','855e4c2b5e067bf3e755e58c95e47bcb',3,'1965-07-23'),(30,'Anastázie','Lipková','anastazie.lipkova','anastazie.lipkova@email.com','958 969 792','855e4c2b5e067bf3e755e58c95e47bcb',3,'1939-04-20'),(31,'Emily','Brunová','emily.brunova','emily.brunova@volny.cz','693 571 476','855e4c2b5e067bf3e755e58c95e47bcb',3,'1965-05-02'),(32,'Olga','Křenová','olga.krenova','olga.krenova@centrum.cz','582 835 109','855e4c2b5e067bf3e755e58c95e47bcb',3,'1993-07-14'),(33,'Anna Marie','Vítová','anna marie.vitova','anna marie.vitova@seznam.cz','414 427 446','855e4c2b5e067bf3e755e58c95e47bcb',3,'1959-11-25'),(34,'Johana','Slováček','johana.slovacek','johana.slovacek@gmail.com','763 494 271','855e4c2b5e067bf3e755e58c95e47bcb',3,'1963-06-24'),(35,'Samantha','Kamarádová','samantha.kamaradova','samantha.kamaradova@email.com','539 301 891','855e4c2b5e067bf3e755e58c95e47bcb',3,'1995-09-09'),(36,'Dita','Štefánková','dita.stefankova','dita.stefankova@email.cz','373 550 888','855e4c2b5e067bf3e755e58c95e47bcb',3,'1999-12-13'),(37,'Natalie','Picková','natalie.pickova','natalie.pickova@email.cz','475 696 187','855e4c2b5e067bf3e755e58c95e47bcb',3,'1965-11-23'),(38,'Elen','Trunečková','elen.truneckova','elen.truneckova@seznam.cz','968 410 607','855e4c2b5e067bf3e755e58c95e47bcb',3,'1973-05-26'),(39,'Anežka','Stanovská','anezka.stanovska','anezka.stanovska@centrum.cz','947 909 775','855e4c2b5e067bf3e755e58c95e47bcb',3,'1999-07-04'),(40,'Natálie','Měřičková','natalie.merickova','natalie.merickova@seznam.cz','805 859 695','855e4c2b5e067bf3e755e58c95e47bcb',3,'1965-07-11'),(41,'Nikol','Mikulíková','Nikol.Mikulikova','Nikol.Mikulikova@email.cz','699 560 905','c6d3a4a7c3f8a0cf050bb52f1d66eca3',1,'1970-05-17'),(42,'Jessica','Levorová','Jessica.Levorova','Jessica.Levorova@email.com','183 125 726','88e11caee979ba2bf6c1aa459b2cd77b',1,'1970-06-09'),(43,'Emily','Fárková','Emily.Farkova','Emily.Farkova@volny.cz','736 495 724','d8ea48bc5a82a9fd6b80f70dd51fc30c',2,'1970-06-20'),(44,'Marcel','Maixner','Marcel.Maixner','Marcel.Maixner@centrum.cz','184 276 375','85b934472d7d6fc3811f1659e44271e1',2,'1971-01-23'),(45,'Lola','Vosyková','Lola.Vosykova','Lola.Vosykova@centrum.cz','649 121 168','d16f0725a2abcba2479ea7722e214abf',2,'1966-04-29'),(46,'Miroslava','Hemerková','Miroslava.Hemerkova','Miroslava.Hemerkova@email.com','648 123 892','21c41d830f5a75526970f8f088a68bb6',2,'1971-08-23'),(47,'Šárka','Chalupníková','Sarka.Chalupnikova','Sarka.Chalupnikova@centrum.cz','235 803 277','f7e7d06b534f19222a7043331e9390c9',2,'1971-10-04'),(48,'Josef','Gomola','Josef.Gomola','Josef.Gomola@email.cz','504 982 431','42478b0ad44efdb652e8b61efb8e84fe',3,'1971-10-29'),(49,'Kryštof','Čvančara','Krystof.Cvancara','Krystof.Cvancara@seznam.cz','765 942 811','21e090349e7404e290d3eac7ab1918c9',3,'1971-10-30'),(50,'Vojta','Dlouhý','Vojta.Dlouhy','Vojta.Dlouhy@volny.cz','184 282 678','6333fc83b1df5ee1f9571397e6a81234',3,'1971-11-08'),(51,'Ivan','Klvaňa','Ivan.Klvana','Ivan.Klvana@email.com','393 549 934','036e3491ba499df64611c82b6bcdd37d',3,'1972-05-31'),(52,'Igor','Truneček','Igor.Trunecek','Igor.Trunecek@gmail.com','345 636 423','cb06df458e9a72476d2e0b2998647f91',3,'1972-06-26'),(53,'Zdeněk','Mikeska','Zdenek.Mikeska','Zdenek.Mikeska@seznam.cz','883 549 163','e424f2bb1eff3a518709af5621ca2640',3,'1972-08-28'),(54,'Rostislav','Machala','Rostislav.Machala','Rostislav.Machala@gmail.com','884 797 341','587be217f935ec5b6327680e507f05b8',3,'1972-12-11'),(55,'Radka','Vysoká','Radka.Vysoka','Radka.Vysoka@volny.cz','442 365 470','40b64837cfc6950f09dabd05b518ea57',3,'1973-02-06'),(56,'Sam','Šiman','Sam.Siman','Sam.Siman@seznam.cz','243 347 769','ba0e0cde1bf72c28d435c89a66afc61a',3,'1974-01-24'),(57,'Boris','Opravil','Boris.Opravil','Boris.Opravil@volny.cz','515 530 447','2091c76f726f21a61b6d2f8b885cc39d',3,'1974-07-08'),(58,'Jaroslava','Kvíčalová','Jaroslava.Kvicalova','Jaroslava.Kvicalova@gmail.com','197 503 957','3de50b0de3d6052869b4306718f395a9',3,'1974-09-15'),(59,'Dominik','Mimra','Dominik.Mimra','Dominik.Mimra@email.com','556 127 846','2bb9f917dbcfe211a9718dfe05bd8a48',3,'1975-03-26'),(60,'Alex','Hejtmánek','Alex.Hejtmanek','Alex.Hejtmanek@email.cz','706 908 599','a08372b70196c21a9229cf04db6b7ceb',3,'1975-07-25'),(61,'Petr','Ulman','Petr.Ulman','Petr.Ulman@gmail.com','263 723 371','e3407b95ce4f9d4c42415ca35513b903',3,'1976-02-07'),(62,'Patrik','Pitra','Patrik.Pitra','Patrik.Pitra@gmail.com','879 959 604','1dad889ff236635dc1e03d02312e79cf',3,'1976-06-01'),(63,'Františka','Kofroňová','Frantiska.Kofronova','Frantiska.Kofronova@gmail.com','448 696 182','b136af243fedcb17a0d3e1e484709b35',3,'1976-09-16'),(64,'Marie','Juklová','Marie.Juklova','Marie.Juklova@seznam.cz','289 459 682','879eb8aa505a968b831812aeb836c2a9',3,'1977-03-23'),(65,'Cyril','Ducháč','Cyril.Duchac','Cyril.Duchac@seznam.cz','414 877 221','69c69a0d233a8947a30011a0322af4e0',3,'1977-05-09'),(66,'Matias','Duda','Matias.Duda','Matias.Duda@email.cz','654 491 246','8eb3f58cfdde9680b5f1a0d8d4df8365',3,'1977-06-19'),(67,'Dominik','Paška','Dominik.Paska','Dominik.Paska@yahoo.com','691 964 856','2bb9f917dbcfe211a9718dfe05bd8a48',3,'1977-07-01'),(68,'Adina','Strašilová','Adina.Strasilova','Adina.Strasilova@yahoo.com','801 829 416','784ae026124d5f8c959eb81cbdddba63',3,'1977-10-07'),(69,'Evelína','Kopicová','Evelina.Kopicova','Evelina.Kopicova@centrum.cz','985 547 406','fb07ede2e9fd9a47089f349803e34b7b',3,'1978-04-16'),(70,'Leontýna','Schmiedová','Leontyna.Schmiedova','Leontyna.Schmiedova@centrum.cz','546 970 428','56566cddeb7dcceff2d93403101902dd',3,'1978-06-24'),(71,'Adriana','Zemánková','Adriana.Zemankova','Adriana.Zemankova@seznam.cz','827 579 255','62018a02bb602600ff86a25fc7e40dbb',3,'1978-12-08'),(72,'Růžena','Hajná','Ruzena.Hajna','Ruzena.Hajna@yahoo.com','242 334 108','38c894a2b7eb7d6ec24b03879767d61f',3,'1979-01-05'),(73,'Artur','Petrovský','Artur.Petrovsky','Artur.Petrovsky@seznam.cz','450 595 694','38f869097037702b56e05f2a6e8c1b7c',3,'1980-02-15'),(74,'Mathias','Ondra','Mathias.Ondra','Mathias.Ondra@email.com','581 410 477','2c7e83387c5037f434548b3f015d6a77',3,'1980-03-26'),(75,'Marcela','Královcová','Marcela.Kralovcova','Marcela.Kralovcova@email.com','125 422 829','77b1868ea48d92d7decfee43d4273358',3,'1981-03-26'),(76,'Rudolf','Mikulík','Rudolf.Mikulik','Rudolf.Mikulik@gmail.com','951 816 659','4a7939882a437a582bfe42754df7acd3',3,'1981-04-25'),(77,'Štefan','Brtník','Stefan.Brtnik','Stefan.Brtnik@email.com','377 734 787','44e22097e497bac2b0a2edb4a772aba9',3,'1981-05-26'),(78,'Benjamin','Maixner','Benjamin.Maixner','Benjamin.Maixner@yahoo.com','452 155 973','861a744bccc0da5432f097d5838e4b83',3,'1981-05-31'),(79,'Marek','Peter','Marek.Peter','Marek.Peter@email.cz','496 304 981','091cbaf8fc9a3d12ce957d6228b3c04c',3,'1982-08-28'),(80,'Roman','Vejsada','Roman.Vejsada','Roman.Vejsada@centrum.cz','786 598 590','b5df36ac79aa6391ffb432b9e5ad7880',3,'1983-07-20'),(81,'Karolina','Hrazdírová','Karolina.Hrazdirova','Karolina.Hrazdirova@email.com','389 448 507','53432bb0ed38c82f07b6ac80eb35d2e9',3,'1983-11-07'),(82,'Aneta','Šeflová','Aneta.Seflova','Aneta.Seflova@centrum.cz','468 341 198','a3b5af4d4ed69497621a6751fea9f7c0',3,'1984-03-09'),(83,'Vojtěch','Závodný','Vojtech.Zavodny','Vojtech.Zavodny@yahoo.com','886 569 354','1176418e7cc958df81784bd836b4d2f2',3,'1985-01-08'),(84,'Radim','Hamerník','Radim.Hamernik','Radim.Hamernik@centrum.cz','353 275 116','fdc5df53847da6f54f5e5d3c3291a181',3,'1985-08-19'),(85,'Apolena','Čuříková','Apolena.Curikova','Apolena.Curikova@centrum.cz','918 485 311','c81ad875d3e949ed14859f20bd03a245',3,'1986-01-02'),(86,'Luboš','Walter','Lubos.Walter','Lubos.Walter@yahoo.com','313 780 278','05a6e0ebe4aa639ea7510f5de48796c1',3,'1986-01-24'),(87,'Anežka','Kindlová','Anezka.Kindlova','Anezka.Kindlova@volny.cz','160 419 585','ec3f5219e8a650c8138f90ca46842d7e',3,'1986-01-24'),(88,'Prokop','Tulach','Prokop.Tulach','Prokop.Tulach@email.com','417 502 769','0d8b0c7d96a7fed7c0b7c3ab72637369',3,'1986-02-23'),(89,'Zdeněk','Petříček','Zdenek.Petricek','Zdenek.Petricek@yahoo.com','863 296 893','e424f2bb1eff3a518709af5621ca2640',3,'1986-11-09'),(90,'Monika','Vrábelová','Monika.Vrabelova','Monika.Vrabelova@gmail.com','206 958 239','f6ebeddf69768d741ff3f057448bedf1',3,'1987-07-03'),(91,'Victorie','Jandíková','Victorie.Jandikova','Victorie.Jandikova@gmail.com','968 453 553','68c3652e68155a5e6fa53fa1aaa301dd',3,'1987-08-07'),(92,'Štěpán','Pernický','Stepan.Pernicky','Stepan.Pernicky@email.com','501 707 977','dc9e9f0a024272e9b96c42474c6c1ac2',3,'1987-09-11'),(93,'Jiří','Červenka','Jiri.Cervenka','Jiri.Cervenka@email.cz','259 522 300','9f31f10295d6bcbf41bdb275eb184d5e',3,'1988-02-25'),(94,'Růžena','Luňáková','Ruzena.Lunakova','Ruzena.Lunakova@gmail.com','552 797 642','38c894a2b7eb7d6ec24b03879767d61f',3,'1988-06-11'),(95,'Karel','Krob','Karel.Krob','Karel.Krob@yahoo.com','985 529 382','c63b94714facab1f24e9b96d72436d77',3,'1989-05-17'),(96,'Nikola','Plevová','Nikola.Plevova','Nikola.Plevova@email.com','431 162 589','c05acde6e582d7ebc7f7b5738d7ff2e9',3,'1989-05-17'),(97,'Lumír','Míka','Lumir.Mika','Lumir.Mika@seznam.cz','603 183 777','5c5e13343fdcaf642bbb2f0c18d3e6e9',3,'1989-06-03'),(98,'Aleš','Kvapil','Ales.Kvapil','Ales.Kvapil@email.cz','685 199 560','7b801008a484bab2ea41b26c77ad5b54',4,'1989-09-05'),(99,'Emilie','Ševečková','Emilie.Seveckova','Emilie.Seveckova@centrum.cz','115 580 345','4858209ff3b15e23ad2ec5cba457add2',4,'1989-09-24'),(100,'Jan','Mottl','Jan.Mottl','Jan.Mottl@yahoo.com','429 352 921','e68564f23e0e939acea76dc3d2bc01bf',4,'1989-09-27'),(101,'Nina','Susová','Nina.Susova','Nina.Susova@yahoo.com','167 981 889','ba59a644b54379ec8af634961954ab58',4,'1990-04-29'),(102,'Janek','Hrach','Janek.Hrach','Janek.Hrach@centrum.cz','501 437 188','fa5a7e42bfd20c196ac992d83057fe38',4,'1990-08-20'),(103,'Jasmína','Ivánková','Jasmina.Ivankova','Jasmina.Ivankova@email.cz','903 211 779','de8bc8abb956dd8ec7c2d9951be26c88',4,'1991-07-19'),(104,'Marek','Psota','Marek.Psota','Marek.Psota@seznam.cz','633 419 829','e5cc3f16e0a29c0c351be6c478a53624',1,'1942-01-14'),(105,'Hugo','Vtípil','Hugo.Vtípil','Hugo.Vtípil@email.com','839 847 671','e5cc3f16e0a29c0c351be6c478a53625',1,'1995-05-13'),(106,'Lumír','Kotala','Lumír.Kotala','Lumír.Kotala@email.com','760 216 193','e5cc3f16e0a29c0c351be6c478a53626',1,'1939-05-19'),(107,'Roman','Kosík','Roman.Kosík','Roman.Kosík@seznam.cz','176 845 271','e5cc3f16e0a29c0c351be6c478a53627',1,'1985-07-23'),(108,'Roman','Reichl','Roman.Reichl','Roman.Reichl@seznam.cz','476 831 258','e5cc3f16e0a29c0c351be6c478a53628',1,'1990-10-03'),(109,'Sebastián','Císař','Sebastián.Císař','Sebastián.Císař@centrum.cz','728 704 249','e5cc3f16e0a29c0c351be6c478a53629',1,'1999-09-25'),(110,'Hynek','Kohn','Hynek.Kohn','Hynek.Kohn@gmail.com','414 507 611','e5cc3f16e0a29c0c351be6c478a53630',1,'1992-10-17'),(111,'Ferdinand','Pohl','Ferdinand.Pohl','Ferdinand.Pohl@seznam.cz','788 584 819','e5cc3f16e0a29c0c351be6c478a53631',1,'1941-12-26'),(112,'Josef','Kolečkář','Josef.Kolečkář','Josef.Kolečkář@volny.cz','756 689 260','e5cc3f16e0a29c0c351be6c478a53632',1,'1910-03-25'),(113,'Oskar','Kolbaba','Oskar.Kolbaba','Oskar.Kolbaba@seznam.cz','832 583 351','e5cc3f16e0a29c0c351be6c478a53633',1,'1967-06-10'),(114,'Matias','Smolka','Matias.Smolka','Matias.Smolka@seznam.cz','506 682 522','e5cc3f16e0a29c0c351be6c478a53634',1,'1926-03-16'),(115,'Damián','Věžník','Damián.Věžník','Damián.Věžník@seznam.cz','312 107 976','e5cc3f16e0a29c0c351be6c478a53635',1,'1923-11-05'),(116,'Nicolas','Kopeček','Nicolas.Kopeček','Nicolas.Kopeček@volny.cz','501 777 985','e5cc3f16e0a29c0c351be6c478a53636',1,'1931-08-14'),(117,'Jan','Hubený','Jan.Hubený','Jan.Hubený@email.com','282 624 866','e5cc3f16e0a29c0c351be6c478a53637',1,'1904-08-15'),(118,'Kryštof','Janovský','Kryštof.Janovský','Kryštof.Janovský@volny.cz','380 453 898','e5cc3f16e0a29c0c351be6c478a53638',1,'1963-12-25'),(119,'Cyril','Palacký','Cyril.Palacký','Cyril.Palacký@gmail.com','428 885 773','e5cc3f16e0a29c0c351be6c478a53639',1,'1975-12-15'),(120,'Mathias','Koleček','Mathias.Koleček','Mathias.Koleček@gmail.com','703 401 315','e5cc3f16e0a29c0c351be6c478a53640',1,'1915-04-02'),(121,'Kevin','Špinar','Kevin.Špinar','Kevin.Špinar@email.com','446 510 308','e5cc3f16e0a29c0c351be6c478a53641',1,'1925-10-20'),(122,'Vítek','Gorol','Vítek.Gorol','Vítek.Gorol@gmail.com','124 795 648','e5cc3f16e0a29c0c351be6c478a53642',1,'1936-02-22'),(123,'Ludvík','Mervart','Ludvík.Mervart','Ludvík.Mervart@email.cz','586 172 921','e5cc3f16e0a29c0c351be6c478a53643',1,'1993-05-19'),(124,'Alfréd','Vavroušek','Alfréd.Vavroušek','Alfréd.Vavroušek@seznam.cz','970 381 297','e5cc3f16e0a29c0c351be6c478a53644',1,'1982-07-21'),(125,'Bibiana','Fousková','Bibiana.Fousková','Bibiana.Fousková@seznam.cz','466 969 165','e5cc3f16e0a29c0c351be6c478a53645',1,'1943-10-01'),(126,'Petra','Hodková','Petra.Hodková','Petra.Hodková@seznam.cz','367 531 629','e5cc3f16e0a29c0c351be6c478a53646',1,'1992-09-03'),(127,'Gita','Chýlová','Gita.Chýlová','Gita.Chýlová@gmail.com','793 723 348','e5cc3f16e0a29c0c351be6c478a53647',1,'1966-09-14'),(128,'Eleonora','Ošmerová','Eleonora.Ošmerová','Eleonora.Ošmerová@seznam.cz','553 487 129','e5cc3f16e0a29c0c351be6c478a53648',1,'1919-03-19'),(129,'Valerie','Daňová','Valerie.Daňová','Valerie.Daňová@email.cz','700 355 273','e5cc3f16e0a29c0c351be6c478a53649',1,'1917-07-28'),(130,'Sabina','Mrvíková','Sabina.Mrvíková','Sabina.Mrvíková@email.com','519 922 794','e5cc3f16e0a29c0c351be6c478a53650',1,'1927-11-04'),(131,'Dominika','Záleská','Dominika.Záleská','Dominika.Záleská@gmail.com','493 901 951','e5cc3f16e0a29c0c351be6c478a53651',1,'1991-09-19'),(132,'Monika','Rožková','Monika.Rožková','Monika.Rožková@email.com','948 140 957','e5cc3f16e0a29c0c351be6c478a53652',1,'1964-05-16'),(133,'Bára','Kubáčová','Bára.Kubáčová','Bára.Kubáčová@email.cz','733 170 869','e5cc3f16e0a29c0c351be6c478a53653',1,'1912-11-05'),(134,'Karolina','Schreierová','Karolina.Schreierová','Karolina.Schreierová@yahoo.com','862 480 451','e5cc3f16e0a29c0c351be6c478a53654',1,'1961-03-03'),(135,'Berenika','Machková','Berenika.Machková','Berenika.Machková@seznam.cz','572 598 412','e5cc3f16e0a29c0c351be6c478a53655',1,'1976-06-03'),(136,'Noa','Sasková','Nora.Sasková','Nora.Sasková@yahoo.com','433 221 390','e5cc3f16e0a29c0c351be6c478a53656',1,'1937-10-03'),(137,'Jaroslava','Škrdlová','Jaroslava.Škrdlová','Jaroslava.Škrdlová@email.com','443 531 166','e5cc3f16e0a29c0c351be6c478a53657',1,'1943-03-11'),(138,'Dora','Kostková','Dora.Kostková','Dora.Kostková@seznam.cz','476 575 722','e5cc3f16e0a29c0c351be6c478a53658',1,'1986-02-13'),(139,'Dorota','Pelánová','Dorota.Pelánová','Dorota.Pelánová@centrum.cz','623 461 453','e5cc3f16e0a29c0c351be6c478a53659',1,'1952-02-02'),(140,'Lenka','Plášková','Lenka.Plášková','Lenka.Plášková@volny.cz','446 847 955','e5cc3f16e0a29c0c351be6c478a53660',1,'1983-11-19'),(141,'Zita','Kudělková','Zita.Kudělková','Zita.Kudělková@centrum.cz','198 191 922','e5cc3f16e0a29c0c351be6c478a53661',1,'1910-09-10'),(142,'Claudia','Bulová','Claudia.Bulová','Claudia.Bulová@email.cz','262 884 419','e5cc3f16e0a29c0c351be6c478a53662',1,'1906-02-04'),(143,'Beata','Melenová','Beata.Melenová','Beata.Melenová@email.com','921 112 680','e5cc3f16e0a29c0c351be6c478a53663',1,'1967-05-05'),(144,'Oliver','Umlauf','Oliver.Umlauf','Oliver.Umlauf@volny.cz','849 978 410','e5cc3f16e0a29c0c351be6c478a53624',1,'1909-12-12'),(145,'Mikuláš','Lukáš','Mikuláš.Lukáš','Mikuláš.Lukáš@volny.cz','734 790 197','e5cc3f16e0a29c0c351be6c478a53625',1,'1944-02-02'),(146,'Aleš','Kocurek','Aleš.Kocurek','Aleš.Kocurek@centrum.cz','727 293 852','e5cc3f16e0a29c0c351be6c478a53626',1,'1901-11-04'),(147,'Lubomír','Outrata','Lubomír.Outrata','Lubomír.Outrata@centrum.cz','448 277 232','e5cc3f16e0a29c0c351be6c478a53627',1,'1983-02-05'),(148,'Bohumil','Poláček','Bohumil.Poláček','Bohumil.Poláček@email.com','591 560 652','e5cc3f16e0a29c0c351be6c478a53628',1,'1901-02-09'),(149,'Leoš','Štika','Leoš.Štika','Leoš.Štika@yahoo.com','385 895 435','e5cc3f16e0a29c0c351be6c478a53629',1,'1983-08-16'),(150,'Ferdinand','Marvan','Ferdinand.Marvan','Ferdinand.Marvan@gmail.com','819 535 113','e5cc3f16e0a29c0c351be6c478a53630',1,'1914-03-28'),(151,'Alexandra','Šindelová','Alexandra.Šindelová','Alexandra.Šindelová@email.com','400 987 628','e5cc3f16e0a29c0c351be6c478a53631',1,'1913-11-15'),(152,'Alena','Pešatová','Alena.Pešatová','Alena.Pešatová@email.cz','760 900 360','e5cc3f16e0a29c0c351be6c478a53632',1,'1905-03-13'),(153,'Anežka','Dědinová','Anežka.Dědinová','Anežka.Dědinová@email.com','852 717 466','e5cc3f16e0a29c0c351be6c478a53633',1,'1946-12-11'),(154,'Otto','Babáček','Otto.Babáček','Otto.Babáček@email.cz','702 602 592','488e13932ba682276b59433d051b079e',2,'1935-02-25'),(155,'Leontýna','Molková','Leontýna.Molková','Leontýna.Molková@volny.cz','899 404 505','488e13932ba682276b59433d051b079e',2,'1971-03-15'),(156,'Jasmína','Weissová','Jasmína.Weissová','Jasmína.Weissová@yahoo.com','532 712 773','488e13932ba682276b59433d051b079e',2,'1917-03-07'),(157,'Karla','Rendlová','Karla.Rendlová','Karla.Rendlová@email.cz','986 216 558','488e13932ba682276b59433d051b079e',2,'1993-10-21'),(158,'Fabian','Šabata','Fabian.Šabata','Fabian.Šabata@email.cz','702 776 939','488e13932ba682276b59433d051b079e',2,'1976-03-20'),(159,'František','Mlateček','Frantisek.Mlatecek','Frantisek.Mlatecek@email.cz','880 112 464','18242',3,'1972-10-04'),(160,'Samuel','Lukášek','Samuel.Lukasek','Samuel.Lukasek@gmail.com','269 936 176','84972',3,'1974-01-07'),(161,'Bedřich','Kostiha','Bedrich.Kostiha','Bedrich.Kostiha@seznam.cz','483 275 138','21614',3,'1974-02-06'),(162,'Vladislav','Svrček','Vladislav.Svrcek','Vladislav.Svrcek@yahoo.com','208 457 129','13242',3,'1974-03-23'),(163,'Leonard','Demeter','Leonard.Demeter','Leonard.Demeter@volny.cz','324 686 984','15330',3,'1974-04-23'),(164,'Antonio','Kundera','Antonio.Kundera','Antonio.Kundera@volny.cz','400 120 501','42845',3,'1976-12-02'),(165,'Adrian','Kuklík','Adrian.Kuklik','Adrian.Kuklik@seznam.cz','120 293 862','44160',3,'1978-11-12'),(166,'Šimon','Omelka','Simon.Omelka','Simon.Omelka@email.com','922 817 969','51389',3,'1978-12-27'),(167,'Bohumil','Fatka','Bohumil.Fatka','Bohumil.Fatka@email.com','371 342 609','40468',3,'1979-05-20'),(168,'Lukas','Andrš','Lukas.Andrs','Lukas.Andrs@yahoo.com','325 219 837','71610',3,'1980-09-18'),(169,'Hugo','Holas','Hugo.Holas','Hugo.Holas@seznam.cz','807 823 806','57116',3,'1984-02-23'),(170,'Peter','Homola','Peter.Homola','Peter.Homola@yahoo.com','824 829 513','31731',3,'1984-10-04'),(171,'Bohumil','Markvart','Bohumil.Markvart','Bohumil.Markvart@seznam.cz','835 249 955','17393',3,'1986-04-11'),(172,'Mikoláš','Bejček','Mikolas.Bejcek','Mikolas.Bejcek@gmail.com','119 706 438','39990',3,'1987-01-19'),(173,'Roman','Krejčík','Roman.Krejcik','Roman.Krejcik@centrum.cz','873 710 781','19945',3,'1987-06-25'),(174,'Damian','Vavrek','Damian.Vavrek','Damian.Vavrek@gmail.com','435 880 553','75138',3,'1988-10-22'),(175,'Leonard','Duchek','Leonard.Duchek','Leonard.Duchek@email.com','645 305 703','85607',3,'1989-05-18'),(176,'Deniel','Friedel','Deniel.Friedel','Deniel.Friedel@email.com','123 466 387','19798',3,'1990-10-17'),(177,'Alan','Spousta','Alan.Spousta','Alan.Spousta@seznam.cz','457 277 801','10422',3,'1994-05-22'),(178,'Nicolas','Šabatka','Nicolas.Sabatka','Nicolas.Sabatka@yahoo.com','590 824 763','24025',3,'1995-04-11'),(179,'Přemysl','Hodač','Premysl.Hodac','Premysl.Hodac@seznam.cz','122 149 881','94314',3,'1995-11-18'),(180,'Mario','Kačírek','Mario.Kacirek','Mario.Kacirek@email.com','862 174 800','12401',3,'1996-07-10'),(181,'Ondřej','Faltus','Ondrej.Faltus','Ondrej.Faltus@email.com','986 340 987','17814',3,'1997-06-07'),(182,'Tomáš','Peterka','Tomas.Peterka','Tomas.Peterka@email.com','516 713 613','16236',3,'1998-04-28'),(183,'Benjamin','Knot','Benjamin.Knot','Benjamin.Knot@centrum.cz','466 236 727','51593',3,'1998-12-29'),(184,'Miroslava','Cahová','Miroslava.Cahova','Miroslava.Cahova@seznam.cz','311 491 435','106321',3,'1970-03-12'),(185,'Šarlota','Samková','Sarlota.Samkova','Sarlota.Samkova@gmail.com','349 367 676','72635',3,'1971-06-25'),(186,'Amálie','Štemberková','Amalie.Stemberkova','Amalie.Stemberkova@seznam.cz','568 334 951','93816',3,'1973-02-02'),(187,'Apolena','Hübnerová','Apolena.Hubnerova','Apolena.Hubnerova@seznam.cz','557 258 690','54776',3,'1973-05-13'),(188,'Darina','Kopáčová','Darina.Kopacova','Darina.Kopacova@centrum.cz','252 225 494','89069',3,'1975-04-11'),(189,'Ella','Rulíková','Ella.Rulikova','Ella.Rulikova@volny.cz','942 192 360','107326',3,'1975-07-02'),(190,'Darina','Nedorostová','Darina.Nedorostova','Darina.Nedorostova@seznam.cz','172 903 487','65814',3,'1978-02-18'),(191,'Sandra','Vystrčilová','Sandra.Vystrcilova','Sandra.Vystrcilova@seznam.cz','673 438 529','100833',3,'1982-08-19'),(192,'Rosalie','Kletečková','Rosalie.Kleteckova','Rosalie.Kleteckova@email.com','549 978 584','91595',3,'1983-12-04'),(193,'Nicol','Lazecká','Nicol.Lazecka','Nicol.Lazecka@email.cz','316 867 205','62318',3,'1987-12-05'),(194,'Amélie','Kalužová','Amelie.Kaluzova','Amelie.Kaluzova@centrum.cz','743 128 615','102281',3,'1989-08-12'),(195,'Marianna','Hamrlová','Marianna.Hamrlova','Marianna.Hamrlova@volny.cz','176 201 699','14939',3,'1989-09-15'),(196,'Helena','Obořilová','Helena.Oborilova','Helena.Oborilova@gmail.com','478 358 129','51121',3,'1992-09-21'),(197,'Růžena','Starostová','Ruzena.Starostova','Ruzena.Starostova@email.com','779 861 546','59176',3,'1993-04-23'),(198,'Vivien','Dlouhá','Vivien.Dlouha','Vivien.Dlouha@email.cz','308 361 260','14352',3,'1994-05-12'),(199,'Ester','Sittová','Ester.Sittova','Ester.Sittova@yahoo.com','598 126 217','71153',3,'1994-11-07'),(200,'Dora','Pouzarová','Dora.Pouzarova','Dora.Pouzarova@yahoo.com','409 560 393','61255',3,'1995-03-27'),(201,'Izabel','Římalová','Izabel.Rimalova','Izabel.Rimalova@volny.cz','373 662 201','51233',3,'1995-10-28'),(202,'Lilien','Matysová','Lilien.Matysova','Lilien.Matysova@email.com','132 617 782','29918',3,'1996-02-15'),(203,'Bára','Valášková','Bara.Valaskova','Bara.Valaskova@seznam.cz','544 488 948','52428',3,'1996-02-16'),(204,'Miroslava','Dragounová','Miroslava.Dragounova','Miroslava.Dragounova@gmail.com','117 366 963','60430',3,'1996-08-28'),(205,'Emma','Mocová','Emma.Mocova','Emma.Mocova@volny.cz','440 118 594','26039',3,'1997-09-14'),(206,'Markéta','Vejsadová','Marketa.Vejsadova','Marketa.Vejsadova@email.com','190 843 657','98887',3,'1998-05-10'),(207,'Barbora','Salvová','Barbora.Salvova','Barbora.Salvova@centrum.cz','372 667 125','70474',3,'1998-10-03'),(208,'Hana','Kubesová','Hana.Kubesova','Hana.Kubesova@gmail.com','666 961 647','22245',3,'1999-11-12'),(209,'Helena','Knapová','Helena.Knapova','Helena.Knapova@yahoo.com','584 691 442','40289',1,'1972-07-23'),(210,'Ráchel','Harvanová','Rachel.Harvanova','Rachel.Harvanova@email.cz','756 189 399','79054',1,'1972-09-15'),(211,'Rudolf','Bartošík','Rudolf.Bartosik','Rudolf.Bartosik@email.com','670 841 479','66450',1,'1973-06-07'),(212,'Igor','Pollák','Igor.Pollak','Igor.Pollak@centrum.cz','879 502 414','64276',1,'1973-12-24'),(213,'Matouš','Fila','Matous.Fila','Matous.Fila@email.com','800 351 418','75400',1,'1974-05-25'),(214,'Kvido','Šťovíček','Kvido.Stovicek','Kvido.Stovicek@yahoo.com','582 390 761','66370',3,'1900-04-01'),(215,'Hubert','Balga','Hubert.Balga','Hubert.Balga@email.com','660 964 292','80103',3,'1914-05-13'),(216,'Oliver','Rousek','Oliver.Rousek','Oliver.Rousek@centrum.cz','842 769 476','79311',3,'1931-01-25'),(217,'Emil','Kohl','Emil.Kohl','Emil.Kohl@centrum.cz','398 866 693','76695',3,'1972-11-19'),(218,'Martin','Kolomazník','Martin.Kolomaznik','Martin.Kolomaznik@volny.cz','759 127 660','34207',3,'1981-12-19'),(219,'Damián','Med','Damian.Med','Damian.Med@yahoo.com','904 123 897','39519',3,'1929-09-01'),(220,'Bořek','Urbančík','Borek.Urbancik','Borek.Urbancik@centrum.cz','339 804 492','83252',3,'1921-09-14'),(221,'Jan','Krmela','Jan.Krmela','Jan.Krmela@gmail.com','256 697 150','13946',3,'1983-11-26'),(222,'Ján','Foltyn','Jan.Foltyn','Jan.Foltyn@yahoo.com','491 194 909','53426',3,'1940-03-20'),(223,'Vincent','Doležal','Vincent.Dolezal','Vincent.Dolezal@gmail.com','509 525 759','87680',3,'1970-11-17'),(224,'Adrian','Švéda','Adrian.Sveda','Adrian.Sveda@gmail.com','437 163 887','57142',3,'2012-10-14'),(225,'Nikolas','Vrbka','Nikolas.Vrbka','Nikolas.Vrbka@gmail.com','796 904 747','92848',3,'1972-10-24'),(226,'Lumír','Meloun','Lumir.Meloun','Lumir.Meloun@centrum.cz','832 842 640','61765',3,'1906-11-07'),(227,'Markus','Vápeník','Markus.Vapenik','Markus.Vapenik@email.cz','262 953 883','83937',3,'1905-12-16'),(228,'Emil','Vršecký','Emil.Vrsecky','Emil.Vrsecky@yahoo.com','800 467 586','54848',3,'1995-11-19'),(229,'Janek','Kaprál','Janek.Kapral','Janek.Kapral@gmail.com','571 780 265','11065',3,'1932-10-13'),(230,'Ivan','Joch','Ivan.Joch','Ivan.Joch@email.cz','405 975 690','65769',3,'1979-11-15'),(231,'Denis','Křen','Denis.Kren','Denis.Kren@email.cz','816 599 658','94306',3,'1962-10-12'),(232,'Luděk','Ruml','Ludek.Ruml','Ludek.Ruml@seznam.cz','120 292 773','40947',3,'2007-12-10'),(233,'Vítězslav','Jílek','Vitezslav.Jilek','Vitezslav.Jilek@gmail.com','943 757 714','12502',3,'2001-11-27'),(234,'Kvido','Kopačka','Kvido.Kopacka','Kvido.Kopacka@email.com','793 336 924','44774',3,'1906-01-29'),(235,'Leoš','Macura','Leos.Macura','Leos.Macura@email.cz','347 821 615','41223',3,'1968-10-20'),(236,'Jeremiáš','Rejda','Jeremias.Rejda','Jeremias.Rejda@centrum.cz','324 106 863','89032',3,'1907-07-18'),(237,'Luděk','Hanke','Ludek.Hanke','Ludek.Hanke@email.com','648 335 522','89306',3,'1932-05-25'),(238,'Matouš','Topič','Matous.Topic','Matous.Topic@email.com','572 643 748','85100',3,'2006-11-14'),(239,'René','Šmejkal','Rene.Smejkal','Rene.Smejkal@centrum.cz','794 175 947','91875',3,'1978-12-22'),(240,'Jeremiáš','Vokáč','Jeremias.Vokac','Jeremias.Vokac@centrum.cz','172 119 874','67572',3,'1974-11-27'),(241,'Alois','Vystrčil','Alois.Vystrcil','Alois.Vystrcil@email.com','271 216 625','26236',3,'1969-10-15'),(242,'Theodor','Havránek','Theodor.Havranek','Theodor.Havranek@gmail.com','555 103 497','59347',3,'1920-02-23'),(243,'Nicolas','Lekeš','Nicolas.Lekes','Nicolas.Lekes@email.cz','814 449 926','96901',3,'2003-12-12'),(244,'Ladislav','Rybář','Ladislav.Rybar','Ladislav.Rybar@email.cz','402 421 765','73614',3,'1968-12-17'),(245,'Leoš','Janíček','Leos.Janicek','Leos.Janicek@volny.cz','502 533 390','92457',3,'1969-10-28'),(246,'Jaromír','Plicka','Jaromir.Plicka','Jaromir.Plicka@email.com','519 517 643','17497',3,'1924-01-27'),(247,'Andreas','Mazák','Andreas.Mazak','Andreas.Mazak@email.cz','679 761 388','21850',3,'1997-12-15'),(248,'Jakub','Šandor','Jakub.Sandor','Jakub.Sandor@email.cz','834 421 765','24487',3,'1981-10-13'),(249,'Tobias','Roháček','Tobias.Rohacek','Tobias.Rohacek@yahoo.com','532 748 161','37745',3,'1918-04-24'),(250,'Vojtěch','Florian','Vojtech.Florian','Vojtech.Florian@yahoo.com','455 846 562','50786',3,'1994-10-13'),(251,'Tobiáš','Kroupa','Tobias.Kroupa','Tobias.Kroupa@email.com','412 386 663','73079',3,'1928-07-10'),(252,'Petr','Berky','Petr.Berky','Petr.Berky@centrum.cz','708 471 731','44958',3,'1966-11-21'),(253,'Alexej','Holenda','Alexej.Holenda','Alexej.Holenda@email.com','154 522 133','81239',3,'1917-08-25'),(254,'Mikoláš','Trejtnar','Mikolas.Trejtnar','Mikolas.Trejtnar@seznam.cz','280 116 661','96674',3,'2008-12-26'),(255,'Maxim','Bernat','1864-10-06','Maxim.Bernat','Maxim.Bernat@email.cz','28969',2,'1965-11-11'),(256,'Vincent','Opršal','1896-02-11','Vincent.Oprsal','Vincent.Oprsal@yahoo.com','44709',2,'2006-10-25'),(257,'Jindřich','Tišer','1886-10-29','Jindrich.Tiser','Jindrich.Tiser@gmail.com','23367',2,'2002-12-22'),(258,'Josef','Šorm','1929-12-12','Josef.Sorm','Josef.Sorm@email.cz','88629',2,'1998-10-25'),(259,'Juraj','Vanický','1884-05-19','Juraj.Vanicky','Juraj.Vanicky@seznam.cz','88400',2,'1983-11-26'),(260,'Viktor','Korba','1920-12-28','Viktor.Korba','Viktor.Korba@email.cz','39025',3,'1996-12-10'),(261,'Gabriel','Snášel','1927-11-13','Gabriel.Snasel','Gabriel.Snasel@gmail.com','93949',3,'1985-11-11'),(262,'Přemysl','Seidel','1842-07-09','Premysl.Seidel','Premysl.Seidel@email.com','97030',3,'2008-11-15'),(263,'Ferdinand','Heřmanský','1853-01-15','Ferdinand.Hermansky','Ferdinand.Hermansky@volny.cz','63681',3,'2003-11-23'),(264,'Luboš','Sokolík','1858-07-22','Lubos.Sokolik','Lubos.Sokolik@yahoo.com','65761',3,'1973-12-19'),(265,'Vítek','Samek','1875-03-06','Vitek.Samek','Vitek.Samek@volny.cz','41478',3,'2010-10-21'),(266,'František','Čihák','1903-04-04','Frantisek.Cihak','Frantisek.Cihak@gmail.com','50115',3,'1982-11-20'),(267,'Robert','Kantor','1938-12-01','Robert.Kantor','Robert.Kantor@yahoo.com','67559',3,'1977-10-26'),(268,'Lubomír','Chromek','1859-09-10','Lubomir.Chromek','Lubomir.Chromek@volny.cz','29953',3,'1960-12-23'),(269,'Alois','Hamáček','1941-02-14','Alois.Hamacek','Alois.Hamacek@seznam.cz','75445',3,'2011-12-25'),(270,'Leonard','Krupička','1930-10-04','Leonard.Krupicka','Leonard.Krupicka@volny.cz','27528',3,'1981-11-26'),(271,'Robert','Hejl','1937-11-23','Robert.Hejl','Robert.Hejl@email.cz','69478',3,'1970-11-23'),(272,'Tibor','Bušta','1928-01-07','Tibor.Busta','Tibor.Busta@volny.cz','33793',3,'1979-12-24'),(273,'Kamil','Zach','1879-09-24','Kamil.Zach','Kamil.Zach@yahoo.com','77483',3,'2010-10-18'),(274,'Miroslav','Lovecký','1857-04-19','Miroslav.Lovecky','Miroslav.Lovecky@email.com','90587',3,'1963-12-27'),(275,'Sebastian','Haška','1924-01-10','Sebastian.Haska','Sebastian.Haska@email.cz','41961',3,'1985-11-22'),(276,'Maxim','Lebduška','1858-07-10','Maxim.Lebduska','Maxim.Lebduska@centrum.cz','88373',3,'1981-10-12'),(277,'Čeněk','Kamarád','1894-03-07','Cenek.Kamarad','Cenek.Kamarad@seznam.cz','84360',3,'1989-11-25'),(278,'Jan','Holeček','1906-03-16','Jan.Holecek','Jan.Holecek@volny.cz','70301',3,'2006-12-10'),(279,'Ludvík','Fait','1862-07-28','Ludvik.Fait','Ludvik.Fait@gmail.com','12724',3,'1977-12-22'),(280,'Mario','Krutský','1853-12-18','Mario.Krutsky','Mario.Krutsky@centrum.cz','58489',3,'2008-10-23'),(281,'Tadeáš','Pospíchal','1937-11-25','Tadeas.Pospichal','Tadeas.Pospichal@gmail.com','42626',3,'2006-12-23'),(282,'Mario','Holan','1931-12-08','Mario.Holan','Mario.Holan@volny.cz','48324',3,'2007-10-14'),(283,'Jakub','Žilka','1926-01-25','Jakub.Zilka','Jakub.Zilka@centrum.cz','50347',3,'2000-10-18'),(284,'Dominik','Eder','1918-03-05','Dominik.Eder','Dominik.Eder@volny.cz','93302',3,'1977-12-19'),(285,'Nicolas','Branda','1899-01-10','Nicolas.Branda','Nicolas.Branda@yahoo.com','36208',3,'2010-10-16'),(286,'Damián','Černý','1897-03-27','Damian.Cerny','Damian.Cerny@email.com','20421',3,'1971-10-26'),(287,'Oliver','Poláček','1941-08-04','Oliver.Polacek','Oliver.Polacek@email.cz','64614',3,'2011-11-18'),(288,'Vít','Nový','1932-06-21','Vit.Novy','Vit.Novy@yahoo.com','37478',3,'1970-11-26'),(289,'Ivan','Sychra','1870-04-18','Ivan.Sychra','Ivan.Sychra@email.cz','21300',3,'1990-11-21'),(290,'Emil','Tomšík','1901-06-25','Emil.Tomsik','Emil.Tomsik@yahoo.com','90484',3,'1981-12-26'),(291,'Daniel','Drozd','1925-09-17','Daniel.Drozd','Daniel.Drozd@seznam.cz','49593',3,'1961-10-14'),(292,'Matyáš','Kropáč','1872-02-13','Matyas.Kropac','Matyas.Kropac@yahoo.com','44667',3,'2007-12-25'),(293,'Adrian','Jirkovský','1879-06-02','Adrian.Jirkovsky','Adrian.Jirkovsky@gmail.com','22153',3,'2011-12-12'),(294,'Erik','Hanzel','1868-02-28','Erik.Hanzel','Erik.Hanzel@email.com','35405',3,'1972-12-12'),(295,'Robin','Kelnar','1860-02-28','Robin.Kelnar','Robin.Kelnar@email.cz','13509',3,'2001-10-23'),(296,'Jindřich','Čonka','1928-01-17','Jindrich.Conka','Jindrich.Conka@email.cz','58489',3,'1998-11-25'),(297,'Pavel','Filipčík','1861-11-08','Pavel.Filipcik','Pavel.Filipcik@gmail.com','73679',3,'2005-11-10'),(298,'David','Kult','1854-04-19','David.Kult','David.Kult@email.cz','50984',3,'1988-10-25'),(299,'Eliáš','Hromada','1906-05-25','Elias.Hromada','Elias.Hromada@email.com','11453',3,'1990-11-23'),(300,'Bořek','Mucha','1930-01-01','Borek.Mucha','Borek.Mucha@centrum.cz','84413',3,'2000-10-27'),(301,'Marco','Prouza','1909-11-04','Marco.Prouza','Marco.Prouza@volny.cz','56677',3,'1964-10-15'),(302,'Hubert','Mařák','1844-08-18','Hubert.Marak','Hubert.Marak@centrum.cz','47938',3,'1990-12-26'),(303,'Ludvík','Šupka','1884-02-09','Ludvik.Supka','Ludvik.Supka@email.cz','55781',3,'1977-10-13'),(304,'Samuel','Vobořil','1877-03-09','Samuel.Voboril','Samuel.Voboril@centrum.cz','54889',3,'1989-10-28'),(305,'Eliáš','Borek','1873-10-02','Elias.Borek','Elias.Borek@yahoo.com','15060',3,'1978-11-21'),(306,'Kristian','Kotyk','1922-05-15','Kristian.Kotyk','Kristian.Kotyk@email.com','18108',3,'1964-10-28'),(307,'Dominik','Brand','1866-09-16','Dominik.Brand','Dominik.Brand@volny.cz','78490',3,'2000-10-18'),(308,'Jindřich','Mánek','1893-05-07','Jindrich.Manek','Jindrich.Manek@volny.cz','15645',3,'1962-12-19'),(309,'Luboš','Surma','Lubos.Surma','Lubos.Surma@email.com','651263605','dHCfLU',3,'1968-10-11'),(310,'Janek','Bojanovský','Janek.Bojanovsky','Janek.Bojanovsky@yahoo.com','519737303','GGQtCS',3,'1970-02-10'),(311,'Robin','Skalský','Robin.Skalsky','Robin.Skalsky@gmail.com','437160614','8DHfxh',3,'1970-04-06'),(312,'Lubomír','Kužela','Lubomir.Kuzela','Lubomir.Kuzela@gmail.com','563812833','d8R6rL',3,'1971-08-11'),(313,'Michal','Hálek','Michal.Halek','Michal.Halek@centrum.cz','318370859','y45vtF',3,'1973-04-04'),(314,'Tomáš','Kocman','Tomas.Kocman','Tomas.Kocman@email.cz','329437314','y5jLYu',3,'1974-12-02'),(315,'Vilém','Půlpán','Vilem.Pulpan','Vilem.Pulpan@email.com','312787188','4VQxPk',3,'1975-04-28'),(316,'Artur','Cihelka','Artur.Cihelka','Artur.Cihelka@email.cz','152443354','shycVC',3,'1975-06-27'),(317,'Samuel','Holas','Samuel.Holas','Samuel.Holas@email.cz','571296449','MEZny7',3,'1975-10-16'),(318,'Dalibor','Krist','Dalibor.Krist','Dalibor.Krist@seznam.cz','483376584','uCWPUu',3,'1978-04-03'),(319,'Lumír','Gazdík','Lumir.Gazdik','Lumir.Gazdik@gmail.com','947308755','HaXQft',3,'1982-12-13'),(320,'Bartoloměj','Bělohoubek','Bartolomej.Belohoubek','Bartolomej.Belohoubek@seznam.cz','271272518','U3RGcq',3,'1983-05-16'),(321,'Kvido','Neděla','Kvido.Nedela','Kvido.Nedela@yahoo.com','169938234','DJfJcy',3,'1985-04-30'),(322,'Jozef','Juřena','Jozef.Jurena','Jozef.Jurena@gmail.com','978661644','aWUnvc',3,'1987-09-16'),(323,'Kristián','Šír','Kristian.Sir','Kristian.Sir@volny.cz','703114957','ppL8AZ',3,'1987-10-07'),(324,'Jaroslav','Domanský','Jaroslav.Domansky','Jaroslav.Domansky@seznam.cz','776758206','gmqYk5',3,'1993-08-24'),(325,'Martin','Zelený','Martin.Zeleny','Martin.Zeleny@gmail.com','915888112','jkp4td',3,'1994-11-23'),(326,'Šimon','Šlais','Simon.Slais','Simon.Slais@yahoo.com','950697471','SfCKeh',3,'1996-07-30'),(327,'Vojtěch','Pytlík','Vojtech.Pytlik','Vojtech.Pytlik@yahoo.com','942229923','XKYhBx',3,'1996-10-02'),(328,'Čeněk','Flek','Cenek.Flek','Cenek.Flek@yahoo.com','386920339','kUsnus',3,'1997-08-11'),(329,'Laura','Kolínová','Laura.Kolinova','Laura.Kolinova@volny.cz','479877312','qMtBbH',3,'1999-09-23'),(330,'Sophie','Nekvindová','Sophie.Nekvindova','Sophie.Nekvindova@volny.cz','959522162','gMdWvx',3,'2000-10-09'),(331,'Nikol','Mišáková','Nikol.Misakova','Nikol.Misakova@email.cz','136764608','Tawk9t',3,'2001-06-05'),(332,'Zdeňka','Dominová','Zdenka.Dominova','Zdenka.Dominova@yahoo.com','937552774','gFbjgy',3,'2002-01-30'),(333,'Karolína','Kroutilová','Karolina.Kroutilova','Karolina.Kroutilova@email.com','260552769','FXJmC5',3,'2003-05-05'),(334,'Dita','Hartmannová','Dita.Hartmannova','Dita.Hartmannova@seznam.cz','804620683','eRd5sg',3,'1968-11-27'),(335,'Bára','Trefná','Bara.Trefna','Bara.Trefna@volny.cz','717413975','AKwZxQ',3,'1970-01-27'),(336,'Aneta','Hudečková','Aneta.Hudeckova','Aneta.Hudeckova@volny.cz','818647587','vpq2bb',3,'1972-10-17'),(337,'Anežka','Poustková','Anezka.Poustkova','Anezka.Poustkova@gmail.com','574284664','cZDjg9',3,'1977-05-13'),(338,'Beáta','Salátová','Beata.Salatova','Beata.Salatova@centrum.cz','691983397','KebmvX',3,'1979-08-20'),(339,'Olívie','Roučková','Olivie.Rouckova','Olivie.Rouckova@centrum.cz','225537227','DXGWGP',3,'1980-03-04'),(340,'Anastázie','Obstová','Anastazie.Obstova','Anastazie.Obstova@email.com','184188378','DQ57wA',3,'1980-04-18'),(341,'Libuše','Niklová','Libuse.Niklova','Libuse.Niklova@email.cz','145523133','ZfZ4t3',3,'1981-01-19'),(342,'Emílie','Urbášková','Emilie.Urbaskova','Emilie.Urbaskova@yahoo.com','179235780','dNsxm2',3,'1984-07-27'),(343,'Victoria','Zdvihalová','Victoria.Zdvihalova','Victoria.Zdvihalova@centrum.cz','149610454','43aKky',3,'1988-03-28'),(344,'Sophie','Drnková','Sophie.Drnkova','Sophie.Drnkova@yahoo.com','361807245','UN2kP8',3,'1990-04-19'),(345,'Soňa','Válová','Sona.Valova','Sona.Valova@gmail.com','423171894','6x8A4B',3,'1990-08-24'),(346,'Elen','Volfová','Elen.Volfova','Elen.Volfova@gmail.com','201949857','EJhfSF',3,'1997-03-31'),(347,'Denisa','Drvotová','Denisa.Drvotova','Denisa.Drvotova@email.cz','394911553','gF3SXp',3,'1998-10-21'),(348,'Nikol','Hotová','Nikol.Hotova','Nikol.Hotova@email.com','861983960','cECcQ7',3,'2002-06-13'),(349,'Nikol','Mišáková','Nikol.Misakova.lektor','Nikol.Misakova.lektor@email.cz','136764608','Tawk9t',2,'2001-06-05'),(350,'Zdeňka','Dominová','Zdenka.Dominova.lektor','Zdenka.Dominova.lektor@yahoo.com','937552774','gFbjgy',2,'2002-01-30'),(351,'Karolína','Kroutilová','Karolina.Kroutilova.lektor','Karolina.Kroutilova.lektor@email.com','260552769','FXJmC5',2,'2003-05-05'),(352,'Dita','Hartmannová','Dita.Hartmannova.lektor','Dita.Hartmannova.lektor@seznam.cz','804620683','eRd5sg',2,'1968-11-27'),(353,'Bára','Trefná','Bara.Trefna.lektor','Bara.Trefna.lektor@volny.cz','717413975','AKwZxQ',2,'1970-01-27'),(354,'Kristián','Vejnar','Kristian.Vejnar','Kristian.Vejnar@volny.cz','978194723','rjYsjk',3,'1964-01-27'),(355,'Oliver','Vaverka','Oliver.Vaverka','Oliver.Vaverka@email.com','200264428','FZtfJu',3,'1964-12-22'),(356,'Alexander','Dufka','Alexander.Dufka','Alexander.Dufka@yahoo.com','245667704','fg4rVB',3,'1965-04-05'),(357,'Michael','Hoření','Michael.Horeni','Michael.Horeni@centrum.cz','232916597','H6stdL',3,'1966-08-31'),(358,'Jindřich','Vondra','Jindrich.Vondra','Jindrich.Vondra@centrum.cz','441309819','MKPuhp',3,'1967-05-01'),(359,'Alan','Pešl','Alan.Pesl','Alan.Pesl@centrum.cz','507287906','J6NWVn',3,'1967-07-31'),(360,'Prokop','Hervert','Prokop.Hervert','Prokop.Hervert@seznam.cz','343542809','KMwFVF',3,'1967-08-31'),(361,'Gabriel','Vepřek','Gabriel.Veprek','Gabriel.Veprek@seznam.cz','984714600','CyhUzP',3,'1968-06-25'),(362,'Kristián','Rozsíval','Kristian.Rozsival','Kristian.Rozsival@email.cz','231131837','CfH8GN',3,'1969-01-03'),(363,'Štefan','Bok','Stefan.Bok','Stefan.Bok@centrum.cz','683320536','Y4FhH3',3,'1969-02-04'),(364,'Štěpán','Netolický','Stepan.Netolicky','Stepan.Netolicky@email.cz','951643206','gPjt7y',3,'1971-03-19'),(365,'Matouš','Bartůšek','Matous.Bartusek','Matous.Bartusek@gmail.com','238666271','RuJBeQ',3,'1972-11-15'),(366,'Tom','Křišťan','Tom.Kristan','Tom.Kristan@seznam.cz','534112571','fXPgB8',3,'1974-02-15'),(367,'Mario','Budský','Mario.Budsky','Mario.Budsky@email.com','967551637','rE6uHm',3,'1974-02-25'),(368,'Michal','Švajda','Michal.Svajda','Michal.Svajda@seznam.cz','118108942','8z45HS',3,'1974-04-11'),(369,'Radim','Nechvátal','Radim.Nechvatal','Radim.Nechvatal@centrum.cz','597456927','4HWwPH',3,'1974-10-01'),(370,'Otto','Opočenský','Otto.Opocensky','Otto.Opocensky@seznam.cz','931795598','UnA6DD',3,'1974-10-31'),(371,'Martin','Kašpárek','Martin.Kasparek','Martin.Kasparek@gmail.com','476616518','v5B8Nz',3,'1975-05-01'),(372,'Oliver','Pecina','Oliver.Pecina','Oliver.Pecina@centrum.cz','599109351','xa7RPz',3,'1976-10-21'),(373,'Kamil','Mahr','Kamil.Mahr','Kamil.Mahr@yahoo.com','881923267','ndXX6Z',3,'1978-03-20'),(374,'Luděk','Macík','Ludek.Macik','Ludek.Macik@volny.cz','517789711','RMqeGg',3,'1978-04-28'),(375,'Vendelín','Polcar','Vendelin.Polcar','Vendelin.Polcar@yahoo.com','675729924','XMycUU',3,'1978-05-23'),(376,'Max','Eger','Max.Eger','Max.Eger@gmail.com','801263252','vTqr5z',3,'1979-03-05'),(377,'Janek','Janáč','Janek.Janac','Janek.Janac@gmail.com','663523183','x3P47e',3,'1979-05-28'),(378,'Peter','Rus','Peter.Rus','Peter.Rus@seznam.cz','438713299','RPLDuC',3,'1981-11-04'),(379,'Rudolf','Otava','Rudolf.Otava','Rudolf.Otava@email.com','175135885','K3tV7W',3,'1964-01-27'),(380,'Vítězslav','Halama','Vitezslav.Halama','Vitezslav.Halama@gmail.com','819637470','G4N9nY',3,'1964-12-22'),(381,'Jakub','Šich','Jakub.Sich','Jakub.Sich@yahoo.com','509362725','G4bZAc',3,'1965-04-05'),(382,'Vít','Bayer','Vit.Bayer','Vit.Bayer@volny.cz','485669796','qLT3vN',3,'1966-08-31'),(383,'Antonín','Moravčík','Antonin.Moravcik','Antonin.Moravcik@volny.cz','632501985','xjmU5V',3,'1967-05-01'),(384,'Aleš','Špeta','Ales.Speta','Ales.Speta@volny.cz','449893330','YHqDEa',3,'1967-07-31'),(385,'Marián','Pavlištík','Marian.Pavlistik','Marian.Pavlistik@email.com','444674225','EmeKgJ',3,'1967-08-31'),(386,'Vilém','Šimon','Vilem.Simon','Vilem.Simon@yahoo.com','328390450','EJ8APB',3,'1968-06-25'),(387,'Stanislav','Tomiška','Stanislav.Tomiska','Stanislav.Tomiska@email.cz','654847348','58Gbm5',3,'1969-01-03'),(388,'Felix','Dufka','Felix.Dufka','Felix.Dufka@volny.cz','928241143','9NyJbq',3,'1969-02-04'),(389,'Matyáš','Med','Matyas.Med','Matyas.Med@centrum.cz','410363755','MzAtw7',3,'1971-03-19'),(390,'Marián','Kraml','Marian.Kraml','Marian.Kraml@gmail.com','245837227','2cJYAK',3,'1972-11-15'),(391,'Hugo','Smola','Hugo.Smola','Hugo.Smola@seznam.cz','789394800','Y2fmUF',3,'1974-02-15'),(392,'Lubomír','Bilík','Lubomir.Bilik','Lubomir.Bilik@yahoo.com','781368971','7p5rt2',3,'1974-02-25'),(393,'Lucas','Šlajs','Lucas.Slajs','Lucas.Slajs@yahoo.com','425752624','Cf5uEd',3,'1974-04-11'),(394,'Robin','Mourek','Robin.Mourek','Robin.Mourek@gmail.com','466550802','tkkbAw',3,'1974-10-01'),(395,'Bedřich','Holešovský','Bedrich.Holesovsky','Bedrich.Holesovsky@email.cz','838960962','j8m6D4',3,'1974-10-31'),(396,'Lumír','Juráček','Lumir.Juracek','Lumir.Juracek@email.com','679775710','B8fNqD',3,'1975-05-01'),(397,'Matěj','Jungmann','Matej.Jungmann','Matej.Jungmann@seznam.cz','764469171','WWCZkn',3,'1976-10-21'),(398,'Bartoloměj','Ptáček','Bartolomej.Ptacek','Bartolomej.Ptacek@email.com','614281865','7qBQHE',3,'1978-03-20'),(399,'Vojtěch','Věchet','Vojtech.Vechet','Vojtech.Vechet@email.cz','815950452','s6my77',3,'1978-04-28'),(400,'Kristián','Ježdík','Kristian.Jezdik','Kristian.Jezdik@gmail.com','262269142','SskarP',3,'1978-05-23'),(401,'Ivan','Kašný','Ivan.Kasny','Ivan.Kasny@email.cz','960286873','4qezTU',3,'1979-03-05'),(402,'Vítek','Šantrůček','Vitek.Santrucek','Vitek.Santrucek@email.com','109464305','aetFWX',3,'1979-05-28'),(403,'Tadeáš','Helcl','Tadeas.Helcl','Tadeas.Helcl@centrum.cz','793806316','PDTf9f',3,'1981-11-04'),(404,'Patrik','Nedbal','Patrik.Nedbal','Patrik.Nedbal@centrum.cz','928678764','UcLR9z',3,'1964-01-27'),(405,'Jonáš','Vařák','Jonas.Varak','Jonas.Varak@email.com','504428110','Uhwmnu',3,'1964-12-22'),(406,'Antonín','Mojžíš','Antonin.Mojzis','Antonin.Mojzis@centrum.cz','734683776','sstbQK',3,'1965-04-05'),(407,'Stanislav','Konopásek','Stanislav.Konopasek','Stanislav.Konopasek@yahoo.com','775311850','veJYrJ',3,'1966-08-31'),(408,'Milan','Diviš','Milan.Divis','Milan.Divis@email.cz','840772651','zWzu4a',3,'1967-05-01'),(409,'Eliáš','Suchomel','Elias.Suchomel','Elias.Suchomel@yahoo.com','374253968','fPvPEv',3,'1967-07-31'),(410,'Patrik','Miksa','Patrik.Miksa','Patrik.Miksa@email.cz','914202608','Nt6FXH',3,'1967-08-31'),(411,'Lumír','Škop','Lumir.Skop','Lumir.Skop@volny.cz','788158828','zRUNdL',3,'1968-06-25'),(412,'Vincent','Pilch','Vincent.Pilch','Vincent.Pilch@seznam.cz','585886927','7hx6mE',3,'1969-01-03'),(413,'Kristián','Převrátil','Kristian.Prevratil','Kristian.Prevratil@centrum.cz','165611640','xctW5K',3,'1969-02-04'),(414,'Alex','Korda','alex.maj','alex.maj@gmail.com','577 111 881','A=5Nqc',3,'1963-12-26'),(415,'Marián','Kejík','marian.korda','marian.korda@seznam.cz','682 601 744','U7h5^<',3,'1992-10-13'),(416,'Ludvík','Šafář','ludvik.kejik','ludvik.kejik@gmail.com','288 401 548','R]u6Mw',3,'2007-11-22'),(417,'Rostislav','Doan','rostislav.safar','rostislav.safar@centrum.cz','536 648 735','4x!qUp',3,'2009-11-11'),(418,'Kristian','Hůrka','kristian.doan','kristian.doan@email.cz','982 710 164','}3nQ//',3,'1988-10-12'),(419,'Dominik','Bumba','dominik.hurka','dominik.hurka@gmail.com','556 773 600','A=5Nqc',3,'2012-11-18'),(420,'Gabriel','Pátek','gabriel.bumba','gabriel.bumba@volny.cz','545 776 903','U7h5^<',3,'1971-10-17'),(421,'Maxmilián','Janeba','maxmilian.patek','maxmilian.patek@volny.cz','550 843 105','R]u6Mw',5,'1964-12-26'),(422,'Leonard','Sedlačík','leonard.janeba','leonard.janeba@yahoo.com','826 557 605','4x!qUp',3,'1990-10-11'),(423,'Hynek','Popovych','hynek.sedlacik','hynek.sedlacik@yahoo.com','703 437 807','}3nQ//',3,'1986-10-17'),(424,'Ondřej','Horňák','ondrej.popovych','ondrej.popovych@gmail.com','959 665 340','A=5Nqc',3,'1965-10-28'),(425,'Dušan','Kubec','dusan.hornak','dusan.hornak@gmail.com','743 403 260','U7h5^<',3,'2009-12-17'),(426,'Fabián','Milata','fabian.kubec','fabian.kubec@gmail.com','231 135 981','R]u6Mw',5,'1963-10-14'),(427,'Matyáš','Škarka','matyas.milata','matyas.milata@volny.cz','550 174 450','4x!qUp',3,'2006-12-17'),(428,'Marian','Franko','marian.skarka','marian.skarka@yahoo.com','553 441 157','}3nQ//',3,'1982-12-28'),(429,'Jaromír','Kyselý','jaromir.franko','jaromir.franko@centrum.cz','454 307 186','A=5Nqc',3,'1969-11-10'),(430,'František','Schuster','frantisek.kyselz','frantisek.kysely@centrum.cz','745 873 249','U7h5^<',3,'1998-12-10'),(431,'Mikoláš','Foldyna','mikolas.schuster','mikolas.schuster@yahoo.com','390 900 611','R]u6Mw',3,'1965-12-13'),(432,'Jan','Figura','jan.foldyna','jan.foldyna@gmail.com','669 179 676','4x!qUp',3,'1986-10-14'),(433,'Petr','Čajková','petr.figura','petr.figura@gmail.com','724 227 987','}3nQ//',3,'1982-10-26'),(434,'Romana','Vojtová','romana.cajkova','romana.cajkova@yahoo.com','341 215 811','A=5Nqc',3,'1966-10-14'),(435,'Tamara','Semeráková','tamara.vojtova','tamara.vojtova@seznam.cz','286 187 100','U7h5^<',3,'1977-10-11'),(436,'Štěpánka','Mašová','stepanka.semerakova','stěpanka.semerakova@centrum.cz','924 912 361','R]u6Mw',3,'1967-12-20'),(437,'Klaudie','Střelcová','klaudie.masova','klaudie.masova@email.com','287 691 156','4x!qUp',3,'2009-10-17'),(438,'Lenka','Ščuková','lenka.strelcova','lenka.strelcova@email.cz','413 307 902','}3nQ//',3,'2007-11-10'),(439,'Marie','Plavcová','marie.scukova','marie.scukova@yahoo.com','643 371 557','A=5Nqc',3,'1990-12-24'),(440,'Sára','Fundová','sara.plavcova','sara.plavcova@yahoo.com','418 169 571','U7h5^<',3,'1990-10-27'),(441,'Marie Anna','Krucká','marie.anna.fundova','marie.anna.fundova@yahoo.com','176 749 584','R]u6Mw',3,'1965-10-24'),(442,'Dita','Hanusková','dita.krucka','dita.krucka@volny.cz','912 724 827','4x!qUp',3,'2006-11-20'),(443,'Rosalie','Hodboďová','rosalie.hanuskova','rosalie.hanuskova@volny.cz','361 465 469','}3nQ//',3,'1988-11-15'),(444,'Emílie','Roušarová','emilie.hodbodova','emilie.hodbodova@volny.cz','367 977 767','A=5Nqc',3,'1995-10-16'),(445,'Izabela','Šedová','izabela.rousarova','izabela.rousarova@volny.cz','477 940 532','U7h5^<',3,'1982-11-23'),(446,'Nela','Kolísková','nela.sedova','nela.sedova@centrum.cz','824 571 339','R]u6Mw',3,'1977-11-22'),(447,'Darina','Kukačková','darina.koliskova','darina.koliskova@yahoo.com','682 386 632','4x!qUp',5,'1970-11-17'),(448,'Ivana','Jurčíková','ivana.kukackova','ivana.kukackova@seznam.cz','868 328 864','}3nQ//',3,'2001-10-22'),(449,'Patricie','Rampasová','patricie.jurcikova','patricie.jurcikova@email.com','444 399 420','A=5Nqc',3,'1982-12-10'),(450,'Izabel','Levová','izabel.rampasova','izabel.rampasova@email.cz','147 175 103','U7h5^<',3,'1974-12-14'),(451,'Karin','Jechová','karin.levova','karin.levova@centrum.cz','348 306 982','R]u6Mw',3,'1989-11-19'),(452,'Jitka','Matulíková','jitka.jechova','jitka.jechova@centrum.cz','416 343 620','4x!qUp',3,'2009-10-26'),(453,'Marian','Hubeny','Marian.Hubeny','Marian.Hubeny@gmail.com','505 390 905','61321',3,'1974-02-23'),(454,'Vaclav','Karmazin','Vaclav.Karmazin','Vaclav.Karmazin@seznam.cz','647 406 663','45465',3,'1977-02-18'),(455,'Ludvik','Mrozek','Ludvik.Mrozek','Ludvik.Mrózek@email.cz','293 223 409','32478',3,'1977-04-22'),(456,'Jachym','Zapotocky','Jachym.Zapotocky','Jachym.Zapotocky@seznam.cz','739 211 891','69458',3,'1978-11-05'),(457,'Alexej','Fidler','Alexej.Fidler','Alexej.Fidler@centrum.cz','325 636 803','58813',3,'1979-09-28'),(458,'Leos','Vasicek','Leos.Vasicek','Leos.Vasicek@centrum.cz','112 883 480','86397',3,'1979-10-15'),(459,'Roman','Mudrak','Roman.Mudrak','Roman.Mudrak@seznam.cz','230 420 821','91035',3,'1980-11-20'),(460,'Elias','Svitil','Elias.Svitil','Elias.Svitil@volny.cz','188 353 939','38127',3,'1983-05-21'),(461,'Marcel','Samiec','Marcel.Samiec','Marcel.Samiec@gmail.com','205 588 910','13058',3,'1983-08-20'),(462,'Mikulas','stec','Mikulas.Stec','Mikulas.stec@email.cz','580 735 959','18597',3,'1984-06-14'),(463,'Felix','Orlik','Felix.Orlik','Felix.Orlik@email.cz','659 967 671','83523',3,'1984-11-12'),(464,'Hugo','Klika','Hugo.Klika','Hugo.Klika@email.cz','134 887 474','45509',3,'1990-10-14'),(465,'Oskar','Neckar','Oskar.Neckar','Oskar.Neckar@gmail.com','338 541 340','76123',3,'1991-05-13'),(466,'Elias','Hanzal','Elias.Hanzal','Elias.Hanzal@yahoo.com','630 859 642','40250',3,'1991-11-26'),(467,'Adrian','Homolka','Adrian.Homolka','Adrian.Homolka@email.com','980 824 412','16992',3,'1991-12-15'),(468,'Otakar','Michalicka','Otakar.Michalicka','Otakar.Michalicka@volny.cz','666 175 753','63583',3,'1992-03-18'),(469,'Mathias','Dubina','Mathias.Dubina','Mathias.Dubina@yahoo.com','633 123 457','82050',3,'1992-12-24'),(470,'Viktor','Halek','Viktor.Halek','Viktor.Halek@gmail.com','369 199 806','42305',3,'1993-12-12'),(471,'Metodej','slosar','Metodej.slosar','Metodej.slosar@centrum.cz','182 735 348','22215',3,'1995-03-31'),(472,'Nicolas','Borovka','Nicolas.Borovka','Nicolas.Borovka@centrum.cz','361 981 592','44003',3,'1995-05-07'),(473,'Vavrinec','Surma','Vavrinec.Surma','Vavrinec.Surma@yahoo.com','670 439 606','54993',3,'1996-09-15'),(474,'Maxmilian','Zavrel','Maxmilian.Zavrel','Maxmilian.Zavrel@volny.cz','388 670 103','61719',3,'1997-02-08'),(475,'Hugo','Holanek','Hugo.Holanek','Hugo.Holanek@seznam.cz','215 732 760','62704',3,'1997-08-22'),(476,'Otakar','Omelka','Otakar.Omelka','Otakar.Omelka@centrum.cz','431 628 410','93186',3,'1998-11-06'),(477,'Albert','sonka','Albert.sonka','Albert.sonka@email.com','735 196 842','22402',3,'1999-11-20'),(478,'Lubos','Dornak','Lubos.Dornak','Lubos.Dornak@centrum.cz','895 577 210','72553',3,'1975-02-08'),(479,'Benjamin','Onderka','Benjamin.Onderka','Benjamin.Onderka@volny.cz','438 587 634','84220',3,'1975-03-03'),(480,'Alois','Bernat','Alois.Bernat','Alois.Bernat@volny.cz','980 357 277','52419',3,'1976-05-05'),(481,'Matous','Potužak','Matous.Potužak','Matous.Potužak@gmail.com','402 940 899','34398',3,'1977-01-02'),(482,'Vaclav','Miller','Vaclav.Miller','Vaclav.Miller@yahoo.com','963 985 642','14198',3,'1977-03-31'),(483,'Otakar','Kukacka','Otakar.Kukacka','Otakar.Kukacka@yahoo.com','651 740 261','59571',3,'1977-11-16'),(484,'Denis','sedivec','Denis.sedivec','Denis.sedivec@seznam.cz','762 640 276','54433',3,'1980-12-23'),(485,'Mathias','Rydlo','Mathias.Rydlo','Mathias.Rydlo@centrum.cz','622 132 284','13723',3,'1983-09-18'),(486,'Kristian','sistek','Kristian.sistek','Kristian.sistek@centrum.cz','680 479 881','59148',3,'1984-03-13'),(487,'Denis','Otto','Denis.Otto','Denis.Otto@centrum.cz','548 290 620','34261',3,'1986-08-03'),(488,'Stepan','Bursik','stepan.Bursik','stepan.Bursik@seznam.cz','633 213 537','65002',3,'1986-08-05'),(489,'Erik','Stas','Erik.Stas','Erik.Stas@email.cz','897 612 415','10320',3,'1987-02-25'),(490,'Zbynek','Koutek','Zbynek.Koutek','Zbynek.Koutek@email.cz','915 563 200','84644',3,'1988-09-17'),(491,'Miroslav','Halva','Miroslav.Halva','Miroslav.Halva@seznam.cz','791 617 412','48770',3,'1990-06-25'),(492,'Fabian','Kylar','Fabian.Kylar','Fabian.Kylar@yahoo.com','514 986 627','40740',3,'1998-01-03'),(493,'Natali','Bouchalova','Natali.Bouchalova','Natali.Bouchalova@seznam.cz','185850785','100230',3,'1992-11-02'),(494,'Leon','Ctvrteckova','Leon.ctvrteckova','Leon.ctvrteckova@volny.cz','110126826','90839',3,'1969-04-26'),(495,'Izabel','Mojziskova','Izabel.Mojziskova','Izabel.Mojziskova@email.cz','540161869','20191',3,'1909-07-29'),(496,'Leon','Smetanova','Leon.Smetanova','Leon.Smetanova@volny.cz','250207629','39359',3,'1993-04-22'),(497,'Izabel','Vorlickova','Izabel.Vorlickova','Izabel.Vorlickova@yahoo.com','848901721','70126',3,'1999-03-06'),(498,'Jitka','Veletova','Jitka.Veletova','Jitka.Veletova@gmail.com','89371896','86875',3,'1922-05-27'),(499,'Edita','Hynkova','Edita.Hynkova','Edita.Hynkova@yahoo.com','816820838','95432',3,'1925-07-16'),(500,'Berta','Zvonkova','Berta.Zvonkova','Berta.Zvonkova@email.cz','500904437','84331',3,'1970-02-14'),(501,'Linda','Cikankova','Linda.Cikankova','Linda.Cikankova@email.com','749107433','48729',3,'1975-09-26'),(502,'Elen','Holkova','Elen.Holkova','Elen.Holkova@gmail.com','111556408','37073',3,'1963-09-17'),(503,'Miroslava','Ambrozova','Miroslava.Ambrozova','Miroslava.Ambrozova@email.com','533914354','57459',3,'1906-02-03'),(504,'Amalie','Krejbichova','Amalie.Krejbichova','Amalie.Krejbichova@yahoo.com','388581826','86317',3,'1997-03-10'),(505,'Rozalie','slapakova','Rozalie.slapakova','Rozalie.slapakova@email.com','694216385','13593',3,'1999-11-22'),(506,'Mariana','Bulkova','Mariana.Bulkova','Mariana.Bulkova@email.com','877952449','50194',3,'1973-04-14'),(507,'Diana','Koleckova','Diana.Koleckova','Diana.Koleckova@gmail.com','888683380','102895',3,'1909-09-21'),(508,'Edita','Viktorova','Edita.Viktorova','Edita.Viktorova@yahoo.com','304489530','63265',3,'1950-03-04'),(509,'Iva','Lukasova','Iva.Lukasova','Iva.Lukasova@centrum.cz','147265216','13840',3,'1929-07-16'),(510,'Tea','Tureckova','Tea.Tureckova','Tea.Tureckova@email.com','602290600','90247',3,'1950-01-06'),(511,'Irena','Rudolfova','Irena.Rudolfova','Irena.Rudolfova@gmail.com','376178272','31911',3,'1930-01-25'),(512,'Andela','Kühnelova','Andela.Kühnelova','Andela.Kühnelova@seznam.cz','224472173','39601',3,'1912-02-29'),(513,'Gabriela','Jaluvkova','Gabriela.Jaluvkova','Gabriela.Jaluvkova@seznam.cz','112820143','100171',3,'1963-05-22'),(514,'Marika','Gomolova','Marika.Gomolova','Marika.Gomolova@yahoo.com','875917668','46841',3,'1961-03-29'),(515,'Sarah','Kabelova','Sarah.Kabelova','Sarah.Kabelova@seznam.cz','750746790','67774',3,'1969-07-23'),(516,'Zita','Furisova','Zita.Furisova','Zita.Furisova@email.cz','752687753','43258',3,'1990-03-26'),(517,'Sabina','Dohnalova','Sabina.Dohnalova','Sabina.Dohnalova@email.com','183170789','98232',3,'1967-11-12'),(518,'Karla','Kramperova','Karla.Kramperova','Karla.Kramperova@seznam.cz','961226273','79917',3,'1992-09-15'),(519,'Viola','Nedvedova','Viola.Nedvedova','Viola.Nedvedova@seznam.cz','382931856','105944',3,'1992-07-16'),(520,'Lilien','Hribalova','Lilien.Hribalova','Lilien.Hribalova@yahoo.com','876550634','40388',3,'1926-07-24'),(521,'Rozalie','Marova','Rozalie.Marova','Rozalie.Marova@yahoo.com','664710263','67676',3,'1961-02-05'),(522,'Marie','Bergrova','Marie.Bergrova','Marie.Bergrova@email.cz','554350118','108601',3,'1916-11-07'),(523,'Beata','Lenkova','Beata.Lenkova','Beata.Lenkova@email.com','115812434','73653',3,'1900-07-15'),(524,'Rebeka','sabatkova','Rebeka.sabatkova','Rebeka.sabatkova@email.cz','208540775','35443',3,'1995-02-19'),(525,'Dagmar','Barochova','Dagmar.Barochova','Dagmar.Barochova@volny.cz','828620874','102535',3,'1945-03-17'),(526,'Klaudie','Ditrichova','Klaudie.Ditrichova','Klaudie.Ditrichova@gmail.com','626292625','35086',2,'1991-10-06'),(527,'Ludmila','Vranova','Ludmila.Vranova','Ludmila.Vranova@yahoo.com','679756919','10274',2,'1990-10-09'),(528,'Lilien','Vecerkova','Lilien.Vecerkova','Lilien.Vecerkova@seznam.cz','158375500','41580',1,'1999-01-27'),(529,'Silvie','Rejmanova','Silvie.Rejmanova','Silvie.Rejmanova@gmail.com','576719244','43776',1,'1972-11-02'),(530,'Sophie','samankova','Sophie.samankova','Sophie.samankova@centrum.cz','137727337','37069',1,'1901-01-26'),(531,'Pavlina','Dosedlova','Pavlina.Dosedlova','Pavlina.Dosedlova@yahoo.com','306684263','93835',1,'1995-09-29'),(532,'Vendula','Gottfriedova','Vendula.Gottfriedova','Vendula.Gottfriedova@volny.cz','501712366','74859',1,'1999-01-03'),(533,'Radek','Jedlička','radek.jedlicka','radek.jedlicka@email.cz','577 111 881','hesloheslo',3,'1965-12-25'),(534,'Benjamin','Pelán','benjamin.pelan','benjamin.pelan@yahoo.com','682 601 744','hesloheslo',3,'1979-10-17'),(535,'Igor','Baše','igor.base','igor.base@gmail.com','288 401 548','hesloheslo',3,'1970-10-19'),(536,'Marián','Švaříček','marian.svaricek','marian.svaricek@volny.cz','536 648 735','hesloheslo',3,'1970-11-23'),(537,'Stanislav','Mrkvica','stanislav.mrkvica','stanislav.mrkvica@gmail.com','982 710 164','hesloheslo',3,'1982-10-21'),(538,'Adrian','Pešák','adrian.pesak','adrian.pesak@volny.cz','556 773 600','hesloheslo',3,'1967-11-16'),(539,'Leon','Laňka','leon.lanka','leon.lanka@yahoo.com','545 776 903','hesloheslo',3,'1978-11-21'),(540,'Marek','Kopecký','marek.kopecky','marek.kopecky@yahoo.com','550 843 105','hesloheslo',5,'2004-12-23'),(541,'Matouš','Kachlík','matous.kachlik','matous.kachlik@email.com','826 557 605','hesloheslo',3,'1993-10-18'),(542,'Roman','Danda','roman.danda','roman.danda@volny.cz','703 437 807','hesloheslo',3,'1981-10-18'),(543,'Bohumil','Plch','bohumil.plch','bohumil.plch@seznam.cz','959 665 340','hesloheslo',3,'1968-11-14'),(544,'Emil','Matúš','emil.matus','emil.matus@email.cz','743 403 260','hesloheslo',3,'1989-11-17'),(545,'Robert','Bayer','robert.bayer','robert.bayer@seznam.cz','231 135 981','hesloheslo',5,'1970-10-24'),(546,'Tomáš','Habart','tomas.habart','tomas.habart@yahoo.com','550 174 450','hesloheslo',3,'2012-11-23'),(547,'Cyril','Kincl','cyril.kincl','cyril.kincl@seznam.cz','553 441 157','hesloheslo',3,'1973-11-24'),(548,'Vlastimil','Plichta','vlastimil.plichta','vlastimil.plichta@gmail.com','454 307 186','hesloheslo',3,'2009-10-22'),(549,'Alois','Šibrava','alois.sibrava','alois.sibrava@email.cz','745 873 249','hesloheslo',3,'1989-10-20'),(550,'Adam','Kratochvil','adam.kratochvil','adam.kratochvil@gmail.com','390 900 611','hesloheslo',3,'1987-10-12'),(551,'Theodor','Schoř','theodor.schor','theodor.schor@email.com','669 179 676','hesloheslo',3,'1991-12-14'),(552,'Vít','Kubinec','vit.kubinec','vit.kubinec@centrum.cz','724 227 987','hesloheslo',3,'2003-11-28'),(553,'Valerie','Postlová','valerie.postlova','valerie.postlova@yahoo.com','341 215 811','hesloheslo',3,'1987-12-19'),(554,'Iva','Božková','iva.bozkova','iva.božkova@email.com','286 187 100','hesloheslo',3,'2011-10-23'),(555,'Petra','Boukalová','petra.boukalova','petra.boukalova@email.com','924 912 361','hesloheslo',3,'2007-11-18'),(556,'Beata','Hirschová','beata.hirschova','beata.hirschova@yahoo.com','287 691 156','hesloheslo',3,'1961-12-20'),(557,'Gabriela','Sladká','gabriela.sladka','gabriela.sladka@email.com','413 307 902','hesloheslo',3,'1991-11-10'),(558,'Valentýna','Březinová','valentyna.brezinova','valentyna.brezinova@gmail.com','643 371 557','hesloheslo',3,'1961-11-15'),(559,'Marcela','Rybníčková','marcela.rybnickova','marcela.rybnickova@gmail.com','418 169 571','hesloheslo',3,'1965-11-17'),(560,'Elisa','Nosálová','elisa.nosalova','elisa.nosalova@seznam.cz','176 749 584','hesloheslo',3,'2002-11-14'),(561,'Zita','Jarmarová','zita.jarmarova','zita.jarmarova@email.cz','912 724 827','hesloheslo',3,'1989-11-12'),(562,'Štěpánka','Bořková','stepanka.borkova','stepanka.borkova@centrum.cz','361 465 469','hesloheslo',3,'1960-11-18'),(563,'Štěpánka','Severinová','stepanka.severinova','stepanka.severinova@gmail.com','367 977 767','hesloheslo',3,'1991-10-22'),(564,'Šárka','Jamborová','sarka.jamborova','sarka.jamborova@gmail.com','477 940 532','hesloheslo',3,'1995-10-10'),(565,'Beata','Bestová','beata.bestova','beata.bestova@volny.cz','824 571 339','hesloheslo',3,'1971-11-23'),(566,'Kamila','Kulichová','kamila.kulichova','kamila.kulichova@yahoo.com','682 386 632','hesloheslo',5,'1991-12-24'),(567,'Šarlota','Kohoutová','sarlota.kohoutova','sarlota.kohoutova@yahoo.com','868 328 864','hesloheslo',3,'1983-10-20'),(568,'Evelína','Vošická','evelina.vosicka','evelina.vosicka@email.com','444 399 420','hesloheslo',3,'1961-10-13'),(569,'Natálie','Koldová','natalie.koldova','natalie.koldova@gmail.com','147 175 103','hesloheslo',3,'2000-11-14'),(570,'Magdaléna','Brodová','magdalena.brodova','magdalena.brodova@yahoo.com','348 306 982','hesloheslo',3,'2011-12-28'),(571,'Johana','Babická','johana.babicka','johana.babicka@volny.cz','416 343 620','hesloheslo',3,'1996-10-26'),(572,'Leona','Maternová','leona.maternova','leona.maternova@volny.cz','411 511 525','hesloheslo',5,'2002-10-23'),(573,'Jindřich','Jančík','jindřich.jančík','jindřich.jančík@yahoo.com','499742106','hesloheslo',1,'1994-10-19'),(574,'Adam','Mikel','adam.mikel','adam.mikel@centrum.cz','154330256','hesloheslo',1,'1988-12-26'),(575,'Matyas','Budík','matyas.budík','matyas.budík@yahoo.com','397133969','hesloheslo',1,'1974-10-14'),(576,'Tom','Zachar','tom.zachar','tom.zachar@yahoo.com','378350277','hesloheslo',1,'2011-11-21'),(577,'Alfréd','Frydrych','alfréd.frydrych','alfréd.frydrych@yahoo.com','251882668','hesloheslo',1,'1973-11-15'),(578,'Vladislav','Bulíček','vladislav.bulíček','vladislav.bulíček@yahoo.com','798397646','hesloheslo',1,'1998-10-17'),(579,'Marco','Šebesta','marco.šebesta','marco.šebesta@yahoo.com','930298921','hesloheslo',1,'2004-10-13'),(580,'Zdeněk','Částka','zdeněk.částka','zdeněk.částka@email.com','601949777','hesloheslo',1,'2010-12-25'),(581,'Viktor','Švábenský','viktor.švábenský','viktor.švábenský@email.com','834796222','hesloheslo',1,'1979-10-17'),(582,'Tibor','Hájek','tibor.hájek','tibor.hájek@seznam.cz','974178404','hesloheslo',1,'2002-11-22'),(583,'Daniel','Knoll','daniel.knoll','daniel.knoll@seznam.cz','504604234','hesloheslo',1,'1979-11-13'),(584,'Marian','Buchtela','marian.buchtela','marian.buchtela@yahoo.com','745710919','hesloheslo',1,'2012-11-17'),(585,'Martin','Nezval','martin.nezval','martin.nezval@volny.cz','562741814','hesloheslo',1,'1968-11-17'),(586,'Kryštof','Kupec','kryštof.kupec','kryštof.kupec@centrum.cz','336895128','hesloheslo',1,'1966-12-14'),(587,'Kvido','Harvánek','kvido.harvánek','kvido.harvánek@seznam.cz','971569196','hesloheslo',1,'1970-11-10'),(588,'Alexej','Vošický','alexej.vošický','alexej.vošický@centrum.cz','136336438','hesloheslo',1,'2002-12-12'),(589,'Teo','Fogl','teo.fogl','teo.fogl@centrum.cz','481555205','hesloheslo',1,'2006-11-18'),(590,'Dan','Škaloud','dan.škaloud','dan.škaloud@gmail.com','453174267','hesloheslo',1,'2010-11-12'),(591,'René','Polakovič','rené.polakovič','rené.polakovič@yahoo.com','322204814','hesloheslo',1,'1985-11-20'),(592,'Mikuláš','Kratina','mikuláš.kratina','mikuláš.kratina@centrum.cz','301513446','hesloheslo',1,'1987-11-15'),(593,'Dagmar','Hrachovcová','dagmar.hrachovcová','dagmar.hrachovcová@seznam.cz','793568128','hesloheslo',1,'1965-11-27'),(594,'Romana','Matysová','romana.matysová','romana.matysová@centrum.cz','341301371','hesloheslo',1,'1983-11-23'),(595,'Týna','Kačenová','týna.kačenová','týna.kačenová@email.com','575189484','hesloheslo',1,'1981-10-13'),(596,'Kristina','Severinová','kristina.severinová','kristina.severinová@yahoo.com','494744850','hesloheslo',1,'1966-10-15'),(597,'Nela','Tlustošová','nela.tlustošová','nela.tlustošová@centrum.cz','787725662','hesloheslo',1,'2005-11-20'),(598,'Anita','Kandrová','anita.kandrová','anita.kandrová@email.cz','853894191','hesloheslo',1,'2003-11-18'),(599,'Emily','Kroutilová','emily.kroutilová','emily.kroutilová@yahoo.com','690503198','hesloheslo',1,'1980-10-12'),(600,'Liliana','Šimandlová','liliana.šimandlová','liliana.šimandlová@email.com','717789551','hesloheslo',1,'1979-10-27'),(601,'Simona','Vávrová','simona.vávrová','simona.vávrová@email.com','641352847','hesloheslo',1,'2008-11-28'),(602,'Edita','Kroulíková','edita.kroulíková','edita.kroulíková@centrum.cz','673880811','hesloheslo',1,'1983-12-13'),(603,'Berenika','Krpatová','berenika.krpatová','berenika.krpatová@yahoo.com','195974626','hesloheslo',1,'1976-12-25'),(604,'Jasmína','Kovářík','jasmína.kovářík','jasmína.kovářík@email.cz','625474920','hesloheslo',1,'2007-12-21'),(605,'Natália','Czudková','natália.czudková','natália.czudková@email.com','683270531','hesloheslo',1,'1981-10-25'),(606,'Štěpánka','Zlochová','štěpánka.zlochová','štěpánka.zlochová@email.cz','436786748','hesloheslo',1,'2011-12-25'),(607,'Emilie','Tomčalová','emilie.tomčalová','emilie.tomčalová@volny.cz','975343348','hesloheslo',1,'1984-12-25'),(608,'Sophia','Liberdová','sophia.liberdová','sophia.liberdová@centrum.cz','598402607','hesloheslo',2,'2002-10-23'),(609,'Karolína','Kopicová','karolína.kopicová','karolína.kopicová@email.cz','650492668','hesloheslo',2,'1970-11-17'),(610,'Marianna','Jandáková','marianna.jandáková','marianna.jandáková@yahoo.com','792378830','hesloheslo',2,'2008-11-10'),(611,'Claudia','Bořilová','claudia.bořilová','claudia.bořilová@centrum.cz','655716584','hesloheslo',2,'1980-11-25'),(612,'Iveta','Sedová','iveta.seďová','iveta.seďová@gmail.com','802695885','hesloheslo',2,'1988-12-13');
/*!40000 ALTER TABLE `uzivatel` ENABLE KEYS */;
UNLOCK TABLES;
/*!40103 SET TIME_ZONE=@OLD_TIME_ZONE */;

/*!40101 SET SQL_MODE=@OLD_SQL_MODE */;
/*!40014 SET FOREIGN_KEY_CHECKS=@OLD_FOREIGN_KEY_CHECKS */;
/*!40014 SET UNIQUE_CHECKS=@OLD_UNIQUE_CHECKS */;
/*!40101 SET CHARACTER_SET_CLIENT=@OLD_CHARACTER_SET_CLIENT */;
/*!40101 SET CHARACTER_SET_RESULTS=@OLD_CHARACTER_SET_RESULTS */;
/*!40101 SET COLLATION_CONNECTION=@OLD_COLLATION_CONNECTION */;
/*!40111 SET SQL_NOTES=@OLD_SQL_NOTES */;

-- Dump completed on 2021-04-14 11:30:48
